"Language","original","english","czech","german","russian","polish","italian","spanish","french","chinese","japanese","portuguese","chinesesimp",
"STR_CookZ_EmptyCan_DN","Empty Can","Empty Can","Prázdná plechovka","Leere Dose","Пустая банка","Pusta puszka","Lattina vuota","Lata vacía","Boîte vide en métal","空罐","空き缶","Lata vazia","空罐",
"STR_CookZ_EmptyCan_DS","An empty can. Can be used to put cooked food inside.","An empty can. Can be used to put cooked food inside.","Prázdná plechovka. Lze použít na vařené jídlo.","Eine leere Dose. Kann verwendet werden, um gekochtes Essen hineinzufüllen.","Пустая банка. Можно использовать для хранения приготовленной еды.","Pusta puszka. Można użyć do przechowywania gotowanego jedzenia.","Una lattina vuota. Può essere utilizzata per mettere il cibo cotto dentro.","Una lata vacía. Se puede usar para guardar comida cocinada.","Une boîte vide. Peut être utilisée pour mettre de la nourriture cuite à l'intérieur.","一个空罐。可以用来放熟食。","空き缶。調理済みの食品を入れるのに使用できます。","Uma lata vazia. Pode ser usada para colocar comida cozida dentro.","一个空罐。可以用来放熟食。",
"STR_CookZ_EmptyBox_DN","Empty Box","Empty Box","Prázdná krabice","Leere Schachtel","Пустая коробка","Puste pudełko","Scatola vuota","Caja vacía","Boîte vide en carton","空盒","空き箱","Caixa vazia","空盒",
"STR_CookZ_EmptyBox_DS","An empty box. Can be used to put cooked food inside.","An empty box. Can be used to put cooked food inside.","Prázdná krabice. Lze použít na vařené jídlo.","Eine leere Schachtel. Kann verwendet werden, um gekochtes Essen hineinzufüllen.","Пустая коробка. Можно использовать для хранения приготовленной еды.","Puste pudełko. Można użyć do przechowywania gotowanego jedzenia.","Una scatola vuota. Può essere utilizzata per mettere il cibo cotto dentro.","Una caja vacía. Se puede usar para guardar comida cocinada.","Une boîte vide. Peut être utilisée pour mettre de la nourriture cuite à l'intérieur.","一个空盒。可以用来放熟食。","空き箱。調理済みの食品を入れるのに使用できます。","Uma caixa vazia. Pode ser usada para colocar comida cozida dentro.","一个空盒。可以用来放熟食。",
"STR_CookZ_Slot_EmptyCans","Empty Cans","Empty Cans","Prázdné plechovky","Leere Dosen","Пустые банки","Puste puszki","Lattine vuote","Latas vacías","Boîtes vides en métal","空罐","空き缶","Latas vazias","空罐",
"STR_CookZ_Slot_EmptyBoxes","Empty Boxes","Empty Boxes","Prázdné krabice","Leere Schachteln","Пустые коробки","Puste pudełka","Scatole vuote","Cajas vacías","Boîtes vides en carton","空盒","空き箱","Caixas vazias","空盒",
"STR_CookZ_Peeler_DN","Peeler","Peeler","Škrabka","Sparschäler","Овощечистка","Obieraczka","Pelapatate","Pelador","Éplucheur","削皮器","ピーラー","Descascador","削皮器",
"STR_CookZ_Peeler_DS","Not impressive, not versatile - just made for exactly what it’s supposed to do.","Not impressive, not versatile - just made for exactly what it’s supposed to do.","Není působivá ani všestranná - ale přesně k tomu, k čemu je určena.","Nicht beeindruckend, nicht vielseitig - aber genau dafür gemacht, was er soll.","Не впечатляет и не универсальна - но создана именно для того, что должна делать.","Nie imponuje ani nie jest wszechstronna - ale dokładnie do tego została stworzona.","Non è impressionante né versatile, ma è fatta esattamente per ciò che deve fare.","No es impresionante ni versátil, pero está hecho exactamente para lo que debe hacer.","Pas impressionnant ni polyvalent, mais conçu exactement pour ce qu’il doit faire.","不出众，也不多用途，但正是为其用途而设计。","特別優れているわけでも多用途でもないが、その役割のために作られている。","Não é impressionante nem versátil, mas foi feito exatamente para aquilo a que se destina.","不出众，也不多用途，但正是为其用途而设计。",
"STR_CookZ_DrumPeeler_DN","Drum Peeler","Drum Peeler","Bubnová škrabka","Trommelschäler","Барабанная овощечистка","Obieraczka bębnowa","Pelapatate a tamburo","Pelador de tambor","Éplucheur à tambour","滚筒削皮器","ドラムピーラー","Descascador de tambor","滚筒削皮器",
"STR_CookZ_DrumPeeler_DS","The BFP9000 is what happens when someone with too much scrap metal and not enough patience gets tired of peeling potatoes by hand. Add water, throw in unpeeled potatoes, and rotate the drum until nature gives up. Loud, clunky, makeshift - but surprisingly effective when surviving on canned beans is no longer an option.","The BFP9000 is what happens when someone with too much scrap metal and not enough patience gets tired of peeling potatoes by hand. Add water, throw in unpeeled potatoes, and rotate the drum until nature gives up. Loud, clunky, makeshift - but surprisingly effective when surviving on canned beans is no longer an option.","BFP9000 je výsledkem toho, když někoho s příliš velkým množstvím šrotu a příliš malou trpělivostí omrzí loupat brambory ručně. Přidejte vodu, vhoďte neoloupané brambory a otáčejte bubnem, dokud to příroda nevzdá. Hlučné, neohrabané, provizorní - ale překvapivě účinné, když už přežívání na konzervovaných fazolích není možnost.","Der BFP9000 ist das Ergebnis davon, wenn jemand mit zu viel Schrottmetall und zu wenig Geduld keine Kartoffeln mehr von Hand schälen will. Wasser einfüllen, ungeschälte Kartoffeln hineinwerfen und die Trommel drehen, bis die Natur aufgibt. Laut, klapprig, improvisiert - aber überraschend effektiv, wenn man nicht mehr nur von Bohnen aus der Dose leben will.","BFP9000 - это результат того, что человек с избытком металлолома и недостатком терпения устал чистить картошку вручную. Налейте воду, закиньте неочищенный картофель и вращайте барабан, пока природа не сдастся. Шумная, громоздкая, самодельная - но удивительно эффективная, когда питаться консервированной фасолью больше не вариант.","BFP9000 powstał wtedy, gdy ktoś mający zbyt dużo złomu i zbyt mało cierpliwości miał dość ręcznego obierania ziemniaków. Wlej wodę, wrzuć nieobrane ziemniaki i obracaj bębnem, aż natura się podda. Głośne, toporne, prowizoryczne - ale zaskakująco skuteczne, gdy życie na konserwowej fasoli przestaje być opcją.","Il BFP9000 è ciò che accade quando qualcuno con troppo metallo di scarto e poca pazienza si stanca di pelare le patate a mano. Aggiungi acqua, inserisci patate non pelate e fai ruotare il tamburo finché la natura non si arrende. Rumoroso, ingombrante, improvvisato - ma sorprendentemente efficace quando sopravvivere con fagioli in scatola non è più un'opzione.","El BFP9000 es lo que ocurre cuando alguien con demasiado metal chatarra y muy poca paciencia se cansa de pelar patatas a mano. Añade agua, mete patatas sin pelar y gira el tambor hasta que la naturaleza se rinda. Ruidoso, tosco, improvisado - pero sorprendentemente eficaz cuando sobrevivir a base de judías enlatadas deja de ser una opción.","Le BFP9000 est le résultat de quelqu’un ayant trop de ferraille et pas assez de patience pour continuer à éplucher des pommes de terre à la main. Ajoutez de l’eau, jetez-y des pommes de terre non épluchées et faites tourner le tambour jusqu’à ce que la nature abandonne. Bruyant, bancal, improvisé - mais étonnamment efficace quand survivre avec des haricots en conserve n’est plus une option.","BFP9000 是某个拥有太多废金属却没有耐心继续手动削土豆的人制造出来的东西。加入清水，放入未削皮的土豆，然后不断转动滚筒，直到大自然认输。吵闹、笨重、临时拼凑 - 但当只能靠罐装豆子生存不再是选择时，它却意外地有效。","BFP9000は、スクラップ金属を持て余し、手作業でジャガイモの皮をむくことにうんざりした誰かが作り出した代物だ。水と皮付きジャガイモを入れ、自然が根負けするまでドラムを回せ。騒々しく、不格好で、即席作り - だが缶詰の豆だけでは生き延びられなくなった時には驚くほど役に立つ。","O BFP9000 é o resultado de alguém com sucata demais e paciência de menos se cansar de descascar batatas à mão. Adicione água, coloque batatas sem descascar e rode o tambor até a natureza desistir. Barulhento, desajeitado, improvisado - mas surpreendentemente eficaz quando sobreviver apenas com feijão enlatado deixa de ser uma opção.","BFP9000 是某个拥有太多废金属却没有耐心继续手动削土豆的人制造出来的东西。加入清水，放入未削皮的土豆，然后不断转动滚筒，直到大自然认输。吵闹、笨重、临时拼凑 - 但当只能靠罐装豆子生存不再是选择时，它却意外地有效。",
"STR_CookZ_Cookbook_DN","Survivor Cookbook","Survivor Cookbook","Přeživší kuchařka","Survivor-Kochbuch","Кулинарная книга выжившего","Książka kucharska ocalałego","Ricettario del sopravvissuto","Libro de cocina para sobrevivientes","Livre de cuisine du survivant","生存者食谱","サバイバークックブック","Livro de receitas do sobrevivente","生存者食谱",
"STR_CookZ_Cookbook_DS","This cookbook contains recipes that help you eat well in any situation. Ideal for cooking under extreme conditions.","This cookbook contains recipes that help you eat well in any situation. Ideal for cooking under extreme conditions.","Tato kuchařka obsahuje recepty, které vám pomohou dobře jíst v každé situaci. Ideální pro vaření v extrémních podmínkách.","Dieses Kochbuch enthält Rezepte, die dir helfen, in jeder Situation gut zu essen. Ideal für das Kochen unter extremen Bedingungen.","Эта кулинарная книга содержит рецепты, которые помогут вам хорошо питаться в любых условиях. Идеально подходит для приготовления пищи в экстремальных условиях.","Ta książka kucharska zawiera przepisy, które pomogą ci dobrze jeść w każdej sytuacji. Idealna do gotowania w ekstremalnych warunkach.","Questo ricettario contiene ricette che ti aiutano a mangiare bene in qualsiasi situazione. Ideale per cucinare in condizioni estreme.","Este libro de cocina contiene recetas que te ayudarán a comer bien en cualquier situación. Ideal para cocinar en condiciones extremas.","Ce livre de cuisine contient des recettes qui vous aident à bien manger dans toutes les situations. Idéal pour cuisiner dans des conditions extrêmes.","这本食谱包含在任何情况下帮助您吃得好的食谱。适合在极端条件下烹饪。","この料理本には、あらゆる状況で美味しく食べるためのレシピが含まれています。過酷な環境での料理に最適。","Este livro de receitas contém receitas que ajudam você a comer bem em qualquer situação. Ideal para cozinhar em condições extremas.","这本食谱包含在任何情况下帮助您吃得好的食谱。适合在极端条件下烹饪。",
"STR_CookZ_Cookbook_Title","Cooking for Survivors","Cooking for Survivors","Vaření pro přeživší","Kochen für Überlebende","Готовка для выживших","Gotowanie dla ocalałych","Cucinare per sopravvissuti","Cocinar para sobrevivientes","Cuisine pour les survivants","为生存者而烹饪","サバイバーのための料理","Cozinhando para sobreviventes","为生存者而烹饪",
"STR_CookZ_Cookbook_Author","By a Survivor","By a Survivor","Od přeživšího","Von einem Überlebenden","Автор: Выживший","Przez ocalałego","Da un sopravvissuto","Por un sobreviviente","Par un survivant","生存者撰写","生存者によって","Por um sobrevivente","生存者撰写",
"STR_CookZ_FriedPotatoesBox_DN","Fried Potatoes","Fried Potatoes","Smažené brambory","Bratkartoffeln","Жареный картофель","Smażone ziemniaki","Patate fritte","Patatas fritas","Pommes frites","炸土豆","フライドポテト","Batatas fritas","炸土豆",
"STR_CookZ_FriedPotatoesBox_DS","Crispy fried potato slices, golden-brown on the outside and soft on the inside, perfect as a side dish or snack.","Crispy fried potato slices, golden-brown on the outside and soft on the inside, perfect as a side dish or snack.","Křupavé smažené plátky brambor, zlatohnědé na povrchu a měkké uvnitř, ideální jako příloha nebo svačina.","Knusprig gebratene Kartoffelscheiben, außen goldbraun und innen weich, ideal als Beilage oder Snack.","Хрустящие жареные картофельные ломтики, золотисто-коричневые снаружи и мягкие внутри, идеально подходящие как гарнир или закуска.","Kruche smażone plasterki ziemniaków, złociste na zewnątrz i miękkie w środku, idealne jako dodatek lub przekąska.","Fette di patate fritte croccanti, dorate all'esterno e morbide all'interno, perfette come contorno o spuntino.","Rebanadas de patatas fritas crujientes, doradas por fuera y suaves por dentro, perfectas como acompañamiento o aperitivo.","Tranches de pommes de terre frites croustillantes, dorées à l'extérieur et tendres à l'intérieur, parfaites comme accompagnement ou en-cas.","外脆内软的炸土豆片，外表金黄，内里柔软，完美作为配菜或小吃。","外はカリカリ、中は柔らかいフライドポテトのスライス。サイドディッシュやスナックに最適です。","Fatias de batata frita crocantes, douradas por fora e macias por dentro, perfeitas como acompanhamento ou lanche.","外脆内软的炸土豆片，外表金黄，内里柔软，完美作为配菜或小吃。",
"STR_CookZ_FriedPotatoesBox_Opened_DS","Crispy fried potato slices, golden-brown on the outside and soft on the inside, perfect as a side dish or snack. Eat up before it spoils.","Crispy fried potato slices, golden-brown on the outside and soft on the inside, perfect as a side dish or snack. Eat up before it spoils.","Křupavé smažené plátky brambor, zlatohnědé na povrchu a měkké uvnitř, ideální jako příloha nebo svačina. Snězte to, než se zkazí.","Knusprig gebratene Kartoffelscheiben, außen goldbraun und innen weich, ideal als Beilage oder Snack. Nach dem Öffnen rasch verzehren.","Хрустящие жареные картофельные ломтики, золотисто-коричневые снаружи и мягкие внутри, идеально подходящие как гарнир или закуска. Съешьте, пока не испортилось.","Kruche smażone plasterki ziemniaków, złociste na zewnątrz i miękkie w środku, idealne jako dodatek lub przekąska. Zjedz, zanim się zepsuje.","Fette di patate fritte croccanti, dorate all'esterno e morbide all'interno, perfette come contorno o spuntino. Mangia prima che vada a male.","Rebanadas de patatas fritas crujientes, doradas por fuera y suaves por dentro, perfectas como acompañamiento o aperitivo. Cómelo antes de que se estropee.","Tranches de pommes de terre frites croustillantes, dorées à l'extérieur et tendres à l'intérieur, parfaites comme accompagnement ou en-cas. Mangez avant que cela ne soit périmé.","外脆内软的炸土豆片，外表金黄，内里柔软，完美作为配菜或小吃。 在变质之前吃掉。","外はカリカリ、中は柔らかいフライドポテトのスライス。サイドディッシュやスナックに最適です。 腐る前に食べてください。","Fatias de batata frita crocantes, douradas por fora e macias por dentro, perfeitas como acompanhamento ou lanche. Coma antes que estrague.","外脆内软的炸土豆片，外表金黄，内里柔软，完美作为配菜或小吃。 在变质之前吃掉。",
"STR_CookZ_StirFryBox_DN","Stir Fry","Stir Fry","Smažená zelenina","Gebratenes Gemüse","Жаркое из овощей","Smażona warzywa","Saltato di verdure","Salteado de verduras","Légumes sautés","炒菜","野菜炒め","Legumes salteados","炒菜",
"STR_CookZ_StirFryBox_DS","Vegetables tossed in a hot pan, creating a vibrant, lightly charred dish with a perfect balance of texture and taste.","Vegetables tossed in a hot pan, creating a vibrant, lightly charred dish with a perfect balance of texture and taste.","Zelenina, která je orestována na horké pánvi, vytváří živé, lehce opálené jídlo s dokonalým vyvážením textury a chuti.","Gemüse, das in einer heißen Pfanne geschwenkt wird, ergibt ein lebendiges, leicht angebratenes Gericht mit perfektem Gleichgewicht von Textur und Geschmack.","Овощи, приготовленные на сковороде, создают яркое впечатление, слегка поджаренное блюдо с идеальным балансом вкуса.","Warzywa smażone na gorącej patelni, tworząc żywą, lekko przypaloną potrawę o idealnej równowadze tekstury i smaku.","Verdure saltate in una padella calda, creando un piatto vibrante e leggermente bruciato con un perfetto equilibrio di consistenza e sapore.","Verduras salteadas en una sartén caliente, creando un plato vibrante y ligeramente carbonizado con un equilibrio perfecto de textura y sabor.","Des légumes sautés dans une poêle chaude, créant un plat vibrant et légèrement grillé avec un équilibre parfait entre texture et goût.","在热锅中翻炒的蔬菜，创造出色彩鲜艳、略带焦痕的菜肴，质感与味道的平衡完美。","熱いフライパンで炒めた野菜。鮮やかで軽く焦げ目がついた料理で、食感と味のバランスが完璧です。","Legumes salteados em uma panela quente, criando um prato vibrante e levemente queimado, com um equilíbrio perfeito de textura e sabor.","在热锅中翻炒的蔬菜，创造出色彩鲜艳、略带焦痕的菜肴，质感与味道的平衡完美。",
"STR_CookZ_StirFryBox_Opened_DS","Vegetables tossed in a hot pan, creating a vibrant, lightly charred dish with a perfect balance of texture and taste. Eat up before it spoils.","Vegetables tossed in a hot pan, creating a vibrant, lightly charred dish with a perfect balance of texture and taste. Eat up before it spoils.","Zelenina, která je orestována na horké pánvi, vytváří živé, lehce opálené jídlo s dokonalým vyvážením textury a chuti. Snězte to, než se zkazí.","Gemüse, das in einer heißen Pfanne geschwenkt wird, ergibt ein lebendiges, leicht angebratenes Gericht mit perfektem Gleichgewicht von Textur und Geschmack. Nach dem Öffnen rasch verzehren.","Овощи, приготовленные на сковороде, создают яркое впечатление, слегка поджаренное блюдо с идеальным балансом вкуса. Съешьте, пока не испортилось.","Warzywa smażone na gorącej patelni, tworząc żywą, lekko przypaloną potrawę o idealnej równowadze tekstury i smaku. Zjedz, zanim się zepsuje.","Verdure saltate in una padella calda, creando un piatto vibrante e leggermente bruciato con un perfetto equilibrio di consistenza e sapore. Mangia prima che vada a male.","Verduras salteadas en una sartén caliente, creando un plato vibrante y ligeramente carbonizado con un equilibrio perfecto de textura y sabor. Cómelo antes de que se estropee.","Des légumes sautés dans une poêle chaude, créant un plat vibrant et légèrement grillé avec un équilibre parfait entre texture et goût. Mangez avant que cela ne soit périmé.","在热锅中翻炒的蔬菜，创造出色彩鲜艳、略带焦痕的菜肴，质感与味道的平衡完美。 在变质之前吃掉。","熱いフライパンで炒めた野菜。鮮やかで軽く焦げ目がついた料理で、食感と味のバランスが完璧です。 腐る前に食べてください。","Legumes salteados em uma panela quente, criando um prato vibrante e levemente queimado, com um equilíbrio perfeito de textura e sabor. Coma antes que estrague.","在热锅中翻炒的蔬菜，创造出色彩鲜艳、略带焦痕的菜肴，质感与味道的平衡完美。 在变质之前吃掉。",
"STR_CookZ_FishAndChipsBox_DN","Fish And Chips","Fish And Chips","Ryba a hranolky","Fish & Chips","Рыба с картошкой фри","Ryba i frytki","Pesce e patatine","Pescado y patatas fritas","Poisson et frites","炸鱼和薯条","フィッシュアンドチップス","Peixe e batatas fritas","炸鱼和薯条",
"STR_CookZ_FishAndChipsBox_DS","Crispy battered fish served with thick fries, offering a simple but delicious combination of flavors and textures.","Crispy battered fish served with thick fries, offering a simple but delicious combination of flavors and textures.","Křupavá ryba v těstíčku podávaná s tlustými hranolky, nabízí jednoduchou, ale lahodnou kombinaci chutí a textur.","Knusprig panierter Fisch, dazu dicke Pommes – eine einfache, aber leckere Kombination aus Geschmack und Textur.","Хрустящая рыба в панировке, подаваемая с толстыми картошками фри, простое, но вкусное сочетание.","Chrupiąca ryba w cieście podawana z grubymi frytkami, oferująca prostą, ale pyszną kombinację smaków i tekstur.","Pesce impanato croccante servito con patatine spesse, offrendo una combinazione semplice ma deliziosa di sapori e consistenze.","Pescado empanizado crujiente servido con patatas gruesas, ofreciendo una combinación simple pero deliciosa de sabores y texturas.","Poisson pané croustillant servi avec des frites épaisses, offrant une combinaison simple mais délicieuse de saveurs et de textures.","外脆内软的炸鱼，搭配厚切薯条，提供简单但美味的味觉和口感的结合。","カリカリの衣をまとった魚を、厚切りのフライドポテトと一緒に提供。シンプルでありながら美味しい味と食感の組み合わせ。","Peixe empanado crocante servido com batatas fritas grossas, oferecendo uma combinação simples, mas deliciosa de sabores e texturas.","外脆内软的炸鱼，搭配厚切薯条，提供简单但美味的味觉和口感的结合。",
"STR_CookZ_FishAndChipsBox_Opened_DS","Crispy battered fish served with thick fries, offering a simple but delicious combination of flavors and textures. Eat up before it spoils.","Crispy battered fish served with thick fries, offering a simple but delicious combination of flavors and textures. Eat up before it spoils.","Křupavá ryba v těstíčku podávaná s tlustými hranolky, nabízí jednoduchou, ale lahodnou kombinaci chutí a textur. Snězte to, než se zkazí.","Knusprig panierter Fisch, dazu dicke Pommes – eine einfache, aber leckere Kombination aus Geschmack und Textur. Nach dem Öffnen rasch verzehren.","Хрустящая рыба в панировке, подаваемая с толстыми картошками фри, простое, но вкусное сочетание. Съешьте, пока не испортилось.","Chrupiąca ryba w cieście podawana z grubymi frytkami, oferująca prostą, ale pyszną kombinację smaków i tekstur. Zjedz, zanim się zepsuje.","Pesce impanato croccante servito con patatine spesse, offrendo una combinazione semplice ma deliziosa di sapori e consistenze. Mangia prima che vada a male.","Pescado empanizado crujiente servido con patatas gruesas, ofreciendo una combinación simple pero deliciosa de sabores y texturas. Cómelo antes de que se estropee.","Poisson pané croustillant servi avec des frites épaisses, offrant une combinaison simple mais délicieuse de saveurs et de textures. Mangez avant que cela ne soit périmé.","外脆内软的炸鱼，搭配厚切薯条，提供简单但美味的味觉和口感的结合。 在变质之前吃掉。","カリカリの衣をまとった魚を、厚切りのフライドポテトと一緒に提供。シンプルでありながら美味しい味と食感の組み合わせ。 腐る前に食べてください。","Peixe empanado crocante servido com batatas fritas grossas, oferecendo uma combinação simples, mas deliciosa de sabores e texturas. Coma antes que estrague.","外脆内软的炸鱼，搭配厚切薯条，提供简单但美味的味觉和口感的结合。 在变质之前吃掉。",
"STR_CookZ_RicePuddingBox_DN","Rice Pudding","Rice Pudding","Rýžová kaše","Milchreis","Рисовый пудинг","Budyn ryżowy","Riso al latte","Arroz con leche","Riz au lait","米饭布丁","ライスプディング","Arroz Doce","米饭布丁",
"STR_CookZ_RicePuddingBox_DS","A simple mix of rice and milk, cooked to a soft, creamy consistency. Served warm with fruit for a bit of sweetness.","A simple mix of rice and milk, cooked to a soft, creamy consistency. Served warm with fruit for a bit of sweetness.","Jednoduchá směs rýže a mléka, vařená do měkké, krémové konzistence. Podává se teplé s ovocem pro trochu sladkosti.","Eine einfache Mischung aus Reis und Milch, zu einer weichen, cremigen Konsistenz gekocht. Warm serviert mit Früchten für etwas Süße.","Простая смесь риса и молока, приготовленная до мягкой, кремовой консистенции. Подается теплым с фруктами для легкой сладости.","Prosta mieszanka ryżu i mleka, gotowana do miękkiej, kremowej konsystencji. Podawana na ciepło z owocami dla odrobiny słodyczy.","Una semplice miscela di riso e latte, cotta fino a ottenere una consistenza morbida e cremosa. Servito caldo con frutta per un tocco di dolcezza.","Una mezcla simple de arroz y leche, cocida hasta obtener una consistencia suave y cremosa. Servido caliente con fruta para un toque de dulzura.","Un simple mélange de riz et de lait, cuit pour obtenir une consistance douce et crémeuse. Servi chaud avec des fruits pour un peu de douceur.","米饭和牛奶的简单混合，煮至柔软、奶油般的稠度。温热食用，并搭配水果带来一丝甜味。","米と牛乳のシンプルな混合物を、柔らかくクリーミーな状態になるまで調理します。温かく果物と一緒に提供され、ほんのり甘さを加えます。","Uma mistura simples de arroz e leite, cozido até uma consistência cremosa e suave. Servido quente com frutas para um toque de doçura.","米饭和牛奶的简单混合，煮至柔软、奶油般的稠度。温热食用，并搭配水果带来一丝甜味。",
"STR_CookZ_RicePuddingBox_Opened_DS","A simple mix of rice and milk, cooked to a soft, creamy consistency. Served warm with fruit for a bit of sweetness. Eat up before it spoils.","A simple mix of rice and milk, cooked to a soft, creamy consistency. Served warm with fruit for a bit of sweetness. Eat up before it spoils.","Jednoduchá směs rýže a mléka, vařená do měkké, krémové konzistence. Podává se teplé s ovocem pro trochu sladkosti. Snězte to, než se zkazí.","Eine einfache Mischung aus Reis und Milch, zu einer weichen, cremigen Konsistenz gekocht. Warm serviert mit Früchten für etwas Süße. Nach dem Öffnen rasch verzehren.","Простая смесь риса и молока, приготовленная до мягкой, кремовой консистенции. Подается теплым с фруктами для легкой сладости. Съешьте, пока не испортилось.","Prosta mieszanka ryżu i mleka, gotowana do miękkiej, kremowej konsystencji. Podawana na ciepło z owocami dla odrobiny słodyczy. Zjedz, zanim się zepsuje.","Una semplice miscela di riso e latte, cotta fino a ottenere una consistenza morbida e cremosa. Servito caldo con frutta per un tocco di dolcezza. Mangia prima che vada a male.","Una mezcla simple de arroz y leche, cocida hasta obtener una consistencia suave y cremosa. Servido caliente con fruta para un toque de dulzura. Cómelo antes de que se estropee.","Un simple mélange de riz et de lait, cuit pour obtenir une consistance douce et crémeuse. Servi chaud avec des fruits pour un peu de douceur. Mangez avant que cela ne soit périmé.","米饭和牛奶的简单混合，煮至柔软、奶油般的稠度。温热食用，并搭配水果带来一丝甜味。 在变质之前吃掉。","米と牛乳のシンプルな混合物を、柔らかくクリーミーな状態になるまで調理します。温かく果物と一緒に提供され、ほんのり甘さを加えます。 腐る前に食べてください。","Uma mistura simples de arroz e leite, cozido até uma consistência cremosa e suave. Servido quente com frutas para um toque de doçura. Coma antes que estrague.","米饭和牛奶的简单混合，煮至柔软、奶油般的稠度。温热食用，并搭配水果带来一丝甜味。 在变质之前吃掉。",
"STR_CookZ_MushroomRisottoBox_DN","Mushroom Risotto","Mushroom Risotto","Houbové rizoto","Pilzrisotto","Грибное ризотто","Risotto z grzybami","Risotto ai funghi","Risotto de setas","Risotto aux champignons","蘑菇烩饭","きのこリゾット","Risoto de cogumelos","蘑菇烩饭",
"STR_CookZ_MushroomRisottoBox_DS","Rice cooked with mushrooms, simple and filling. It’s creamy and packs a solid, earthy flavor.","Rice cooked with mushrooms, simple and filling. It’s creamy and packs a solid, earthy flavor.","Rýže vařená s houbami, jednoduchá a výživná. Je krémová a má pevnou, zemitou chuť.","Reis, gekocht mit Pilzen, einfach und sättigend. Es ist cremig und hat einen soliden, erdigen Geschmack.","Рис, приготовленный с грибами, простой и сытный. Кремовый, с насыщенным, вкусом лесных грибов.","Ryż gotowany z grzybami, prosty i sycący. Jest kremowy i ma solidny, ziemisty smak.","Riso cotto con funghi, semplice e sostanzioso. È cremoso e ha un sapore robusto e terroso.","Arroz cocido con setas, simple y saciante. Es cremoso y tiene un sabor fuerte y terroso.","Riz cuit avec des champignons, simple et nourrissant. Il est crémeux et a une saveur forestière.","蘑菇炖饭，简单而有营养。它是奶油状的，具有浓郁的泥土风味。","キノコで調理されたリゾット、シンプルで満腹感があり、クリーミーで土のような味わい。","Arroz cozido com cogumelos, simples e nutritivo. É cremoso e tem um sabor forte e terroso.","蘑菇炖饭，简单而有营养。它是奶油状的，具有浓郁的泥土风味。",
"STR_CookZ_MushroomRisottoBox_Opened_DS","Rice cooked with mushrooms, simple and filling. It’s creamy and packs a solid, earthy flavor. Eat up before it spoils.","Rice cooked with mushrooms, simple and filling. It’s creamy and packs a solid, earthy flavor. Eat up before it spoils.","Rýže vařená s houbami, jednoduchá a výživná. Je krémová a má pevnou, zemitou chuť. Snězte to, než se zkazí.","Reis, gekocht mit Pilzen, einfach und sättigend. Es ist cremig und hat einen soliden, erdigen Geschmack. Nach dem Öffnen rasch verzehren.","Рис, приготовленный с грибами, простой и сытный. Кремовый, с насыщенным, вкусом лесных грибов. Съешьте, пока не испортилось.","Ryż gotowany z grzybami, prosty i sycący. Jest kremowy i ma solidny, ziemisty smak. Zjedz, zanim się zepsuje.","Riso cotto con funghi, semplice e sostanzioso. È cremoso e ha un sapore robusto e terroso. Mangia prima che vada a male.","Arroz cocido con setas, simple y saciante. Es cremoso y tiene un sabor fuerte y terroso. Cómelo antes de que se estropee.","Riz cuit avec des champignons, simple et nourrissant. Il est crémeux et a une saveur forestière. Mangez avant que cela ne soit périmé.","蘑菇炖饭，简单而有营养。它是奶油状的，具有浓郁的泥土风味。 在变质之前吃掉。","キノコで調理されたリゾット、シンプルで満腹感があり、クリーミーで土のような味わい。 腐る前に食べてください。","Arroz cozido com cogumelos, simples e nutritivo. É cremoso e tem um sabor forte e terroso. Coma antes que estrague.","蘑菇炖饭，简单而有营养。它是奶油状的，具有浓郁的泥土风味。 在变质之前吃掉。",
"STR_CookZ_PilafBox_DN","Pilaf","Pilaf","Pilaf","Pilaw","Пилаф","Pilaw","Pilaf","Pilaf","Pilaf","皮拉夫","ピラフ","Pilaf","皮拉夫",
"STR_CookZ_PilafBox_DS","Rice mixed with bell peppers and tomatoes, offering a satisfying, savory dish that’s both fresh and hearty.","Rice mixed with bell peppers and tomatoes, offering a satisfying, savory dish that’s both fresh and hearty.","Rýže smíchaná s paprikami a rajčaty, nabízející uspokojivý, slaný pokrm, který je čerstvý a vydatný.","Reis, gemischt mit Paprika und Tomaten, bietet ein zufriedenstellendes, herzhaftes Gericht, das frisch und sättigend ist.","Рис, смешанный с болгарским перцем и помидорами, представляет собой сытное блюдо с насыщенным вкусом и богатым ароматом.","Ryż wymieszany z papryką i pomidorami, oferujący satysfakcjonujące, pikantne danie, które jest zarówno świeże, jak i sycące.","Riso mescolato con peperoni e pomodori, che offre un piatto soddisfacente e saporito, fresco e sostanzioso.","Arroz mezclado con pimientos y tomates, ofreciendo un plato sabroso y satisfactorio que es tanto fresco como reconfortante.","Riz mélangé avec des poivrons et des tomates, offrant un plat satisfaisant et savoureux, à la fois frais et nourrissant.","米饭与甜椒和番茄混合，提供一道令人满意、咸香的菜肴，既新鲜又丰盛。","米とピーマン、トマトを混ぜたもので、満足感のある、風味豊かな料理で、新鮮でありながらボリューム満点です。","Arroz misturado com pimentões e tomates, oferecendo um prato saboroso e satisfatório, que é ao mesmo tempo fresco e substancial.","米饭与甜椒和番茄混合，提供一道令人满意、咸香的菜肴，既新鲜又丰盛。",
"STR_CookZ_PilafBox_Opened_DS","Rice mixed with bell peppers and tomatoes, offering a satisfying, savory dish that’s both fresh and hearty. Eat up before it spoils.","Rice mixed with bell peppers and tomatoes, offering a satisfying, savory dish that’s both fresh and hearty. Eat up before it spoils.","Rýže smíchaná s paprikami a rajčaty, nabízející uspokojivý, slaný pokrm, který je čerstvý a vydatný. Snězte to, než se zkazí.","Reis, gemischt mit Paprika und Tomaten, bietet ein zufriedenstellendes, herzhaftes Gericht, das frisch und sättigend ist. Nach dem Öffnen rasch verzehren.","Рис, смешанный с болгарским перцем и помидорами, представляет собой сытное блюдо с насыщенным вкусом и богатым ароматом. Съешьте, пока не испортилось.","Ryż wymieszany z papryką i pomidorami, oferujący satysfakcjonujące, pikantne danie, które jest zarówno świeże, jak i sycące. Zjedz, zanim się zepsuje.","Riso mescolato con peperoni e pomodori, che offre un piatto soddisfacente e saporito, fresco e sostanzioso. Mangia prima che vada a male.","Arroz mezclado con pimientos y tomates, ofreciendo un plato sabroso y satisfactorio que es tanto fresco como reconfortante. Cómelo antes de que se estropee.","Riz mélangé avec des poivrons et des tomates, offrant un plat satisfaisant et savoureux, à la fois frais et nourrissant. Mangez avant que cela ne soit périmé.","米饭与甜椒和番茄混合，提供一道令人满意、咸香的菜肴，既新鲜又丰盛。 在变质之前吃掉。","米とピーマン、トマトを混ぜたもので、満足感のある、風味豊かな料理で、新鮮でありながらボリューム満点です。 腐る前に食べてください。","Arroz misturado com pimentões e tomates, oferecendo um prato saboroso e satisfatório, que é ao mesmo tempo fresco e substancial. Coma antes que estrague.","米饭与甜椒和番茄混合，提供一道令人满意、咸香的菜肴，既新鲜又丰盛。 在变质之前吃掉。",
"STR_CookZ_GaghBox_DN","Gagh","Gagh","Gagh","Gagh","Гаг","Gagh","Gagh","Gagh","Gagh","加格","ガグ","Gagh","加格",
"STR_CookZ_GaghBox_DS","Earth-style Gagh made with cooked worms, offering a hearty, savory dish that’s strange but solid.","Earth-style Gagh made with cooked worms, offering a hearty, savory dish that’s strange but solid.","Gagh v zemském stylu, připravený z vařených červů, nabízející syté, slané jídlo, které je zvláštní, ale chutné.","Gagh im Erdstil, aus gekochten Würmern, ein herzhaftes, würziges Gericht – seltsam, aber gut.","Гаг в земном стиле, приготовленный из вареных червей, сытное, пикантное блюдо, странное, но сытное.","Gagh w stylu ziemskim z gotowanymi robakami, oferujące sycące, słone danie, które jest dziwne, ale solidne.","Gagh in stile terrestre preparato con vermi cotti, un piatto sostanzioso e saporito, strano ma solido.","Gagh estilo tierra hecho con gusanos cocidos, ofreciendo un plato sustancioso y sabroso, raro pero sólido.","Gagh à la mode terrestre, fait avec des vers cuits, un plat copieux et savoureux, étrange mais nourissant.","地球风味的加格，用煮熟的虫子做，提供一顿丰盛的咸味菜肴，既奇特又实在。","地球スタイルのガグ、調理された虫を使って作られた、ヘルシーで風味豊かな料理。奇妙だが確実に満足できる。","Gagh ao estilo da Terra feito com vermes cozidos, oferecendo um prato substancioso e saboroso, estranho mas sólido.","地球风味的加格，用煮熟的虫子做，提供一顿丰盛的咸味菜肴，既奇特又实在。",
"STR_CookZ_GaghBox_Opened_DS","Earth-style Gagh made with cooked worms, offering a hearty, savory dish that’s strange but solid. Eat up before it spoils.","Earth-style Gagh made with cooked worms, offering a hearty, savory dish that’s strange but solid. Eat up before it spoils.","Gagh v zemském stylu, připravený z vařených červů, nabízející syté, slané jídlo, které je zvláštní, ale chutné. Snězte to, než se zkazí.","Gagh im Erdstil, aus gekochten Würmern, ein herzhaftes, würziges Gericht – seltsam, aber gut. Nach dem Öffnen rasch verzehren.","Гаг в земном стиле, приготовленный из вареных червей, сытное, пикантное блюдо, странное, но сытное. Съешьте, пока не испортилось.","Gagh w stylu ziemskim z gotowanymi robakami, oferujące sycące, słone danie, które jest dziwne, ale solidne. Zjedz, zanim się zepsuje.","Gagh in stile terrestre preparato con vermi cotti, un piatto sostanzioso e saporito, strano ma solido. Mangia prima che vada a male.","Gagh estilo tierra hecho con gusanos cocidos, ofreciendo un plato sustancioso y sabroso, raro pero sólido. Cómelo antes de que se estropee.","Gagh à la mode terrestre, fait avec des vers cuits, un plat copieux et savoureux, étrange mais nourissant. Mangez avant que cela ne soit périmé.","地球风味的加格，用煮熟的虫子做，提供一顿丰盛的咸味菜肴，既奇特又实在。 在变质之前吃掉。","地球スタイルのガグ、調理された虫を使って作られた、ヘルシーで風味豊かな料理。奇妙だが確実に満足できる。 腐る前に食べてください。","Gagh ao estilo da Terra feito com vermes cozidos, oferecendo um prato substancioso e saboroso, estranho mas sólido. Coma antes que estrague.","地球风味的加格，用煮熟的虫子做，提供一顿丰盛的咸味菜肴，既奇特又实在。 在变质之前吃掉。",
"STR_CookZ_HaggisBox_DN","Haggis with Mashed Potatoes","Haggis with Mashed Potatoes","Haggis s bramborovou kaší","Haggis mit Kartoffelpüree","Хаггис с картофельным пюре","Haggis z puree ziemniaczanym","Haggis con purè di patate","Haggis con puré de patatas","Haggis avec purée de pommes de terre","哈吉斯配土豆泥","ハギスとマッシュポテト","Haggis com purê de batatas","哈吉斯配土豆泥",
"STR_CookZ_HaggisBox_DS","Cooked spiced meat, paired with mashed potatoes. A straightforward meal that’ll fill you up without any fuss.","Cooked spiced meat, paired with mashed potatoes. A straightforward meal that’ll fill you up without any fuss.","Vařené kořeněné maso, podávané s bramborovou kaší. Jednoduché jídlo, které vás zasytí bez zbytečných složitostí.","Gekochtes, gewürztes Fleisch, dazu Kartoffelpüree. Ein einfaches Gericht, das satt macht und keine großen Umstände braucht.","Приготовленное приправленное мясо с картофельным пюре. Простой прием пищи, который насытит вас без лишних хлопот.","Gotowane przyprawione mięso, podane z puree ziemniaczanym. Prosty posiłek, który zaspokoi głód bez zbędnych komplikacji.","Carne speziata cotta, accompagnata da purè di patate. Un pasto semplice che ti sazierà senza complicazioni.","Carne cocida con especias, acompañada de puré de patatas. Una comida sencilla que te llenará sin complicaciones.","Viande épicée cuite, accompagnée de purée de pommes de terre. Un repas simple qui vous remplira sans tracas.","煮熟的香料肉，配土豆泥。一顿简单的餐点，能让你饱腹，不会有任何麻烦。","調理されたスパイス肉、マッシュポテトと一緒に提供。簡単な食事で、手間なく満腹になります。","Carne temperada cozida, acompanhada de purê de batatas. Uma refeição simples que vai te satisfazer sem complicações.","煮熟的香料肉，配土豆泥。一顿简单的餐点，能让你饱腹，不会有任何麻烦。",
"STR_CookZ_HaggisBox_Opened_DS","Cooked spiced meat, paired with mashed potatoes. A straightforward meal that’ll fill you up without any fuss. Eat up before it spoils.","Cooked spiced meat, paired with mashed potatoes. A straightforward meal that’ll fill you up without any fuss. Eat up before it spoils.","Vařené kořeněné maso, podávané s bramborovou kaší. Jednoduché jídlo, které vás zasytí bez zbytečných složitostí. Snězte to, než se zkazí.","Gekochtes, gewürztes Fleisch, dazu Kartoffelpüree. Ein einfaches Gericht, das satt macht und keine großen Umstände braucht. Nach dem Öffnen rasch verzehren.","Приготовленное приправленное мясо с картофельным пюре. Простой прием пищи, который насытит вас без лишних хлопот. Съешьте, пока не испортилось.","Gotowane przyprawione mięso, podane z puree ziemniaczanym. Prosty posiłek, który zaspokoi głód bez zbędnych komplikacji. Zjedz, zanim się zepsuje.","Carne speziata cotta, accompagnata da purè di patate. Un pasto semplice che ti sazierà senza complicazioni. Mangia prima che vada a male.","Carne cocida con especias, acompañada de puré de patatas. Una comida sencilla que te llenará sin complicaciones. Cómelo antes de que se estropee.","Viande épicée cuite, accompagnée de purée de pommes de terre. Un repas simple qui vous remplira sans tracas. Mangez avant que cela ne soit périmé.","煮熟的香料肉，配土豆泥。一顿简单的餐点，能让你饱腹，不会有任何麻烦。 在变质之前吃掉。","調理されたスパイス肉、マッシュポテトと一緒に提供。簡単な食事で、手間なく満腹になります。 腐る前に食べてください。","Carne temperada cozida, acompanhada de purê de batatas. Uma refeição simples que vai te satisfazer sem complicações. Coma antes que estrague.","煮熟的香料肉，配土豆泥。一顿简单的餐点，能让你饱腹，不会有任何麻烦。 在变质之前吃掉。",
"STR_CookZ_StuffedPeppersBox_DN","Stuffed Peppers","Stuffed Peppers","Plněné papriky","Gefüllte Paprika","Фаршированные перцы","Papryki faszerowane","Peperoni ripieni","Pimientos rellenos","Poivrons farcis","填馅椒","ピーマンの詰め物","Pimentos recheados","填馅椒",
"STR_CookZ_StuffedPeppersBox_DS","Bell peppers filled with meat and cooked to bring out rich flavors. It’s a hearty dish that’s both filling and straightforward.","Bell peppers filled with meat and cooked to bring out rich flavors. It’s a hearty dish that’s both filling and straightforward.","Papriky plněné masem, vařené tak, aby se chutě dobře propojily. Je to syté jídlo, které je výživné a jednoduché.","Paprika, gefüllt mit Fleisch, gekocht bis die Aromen gut durchgezogen sind. Ein herzhaftes Gericht, das satt macht und unkompliziert ist.","Перцы, фаршированные мясом, готовятся до тех пор, пока вкусы не станут яркими. Это сытное блюдо, которое насыщает и легко готовится.","Papryki faszerowane mięsem, gotowane, aż smaki się dobrze połączą. To sycące danie, które jest zarówno pożywne, jak i proste.","Peperoni ripieni di carne, cotti per far emergere i sapori ricchi. È un piatto sostanzioso, che è sia nutriente che semplice.","Pimientos rellenos de carne, cocidos para que los sabores se fusionen. Es un plato sustancioso que es tanto nutritivo como sencillo.","Poivrons farcis de viande, cuits pour révéler des saveurs riches. C'est un plat copieux, à la fois nourrissant et simple.","甜椒填充肉类，煮至味道浓郁。它是一道丰盛的菜肴，既饱腹又简单。","肉を詰めたピーマン、味がしっかりと出るまで調理されます。栄養豊富でシンプルな、満足感のある料理です。","Pimentões recheados com carne, cozidos para liberar sabores ricos. É um prato substancioso, que é tanto nutritivo quanto simples.","甜椒填充肉类，煮至味道浓郁。它是一道丰盛的菜肴，既饱腹又简单。",
"STR_CookZ_StuffedPeppersBox_Opened_DS","Bell peppers filled with meat and cooked to bring out rich flavors. It’s a hearty dish that’s both filling and straightforward. Eat up before it spoils.","Bell peppers filled with meat and cooked to bring out rich flavors. It’s a hearty dish that’s both filling and straightforward. Eat up before it spoils.","Papriky plněné masem, vařené tak, aby se chutě dobře propojily. Je to syté jídlo, které je výživné a jednoduché. Snězte to, než se zkazí.","Paprika, gefüllt mit Fleisch, gekocht bis die Aromen gut durchgezogen sind. Ein herzhaftes Gericht, das satt macht und unkompliziert ist. Nach dem Öffnen rasch verzehren.","Перцы, фаршированные мясом, готовятся до тех пор, пока вкусы не станут яркими. Это сытное блюдо, которое насыщает и легко готовится. Съешьте, пока не испортилось.","Papryki faszerowane mięsem, gotowane, aż smaki się dobrze połączą. To sycące danie, które jest zarówno pożywne, jak i proste. Zjedz, zanim się zepsuje.","Peperoni ripieni di carne, cotti per far emergere i sapori ricchi. È un piatto sostanzioso, che è sia nutriente che semplice. Mangia prima che vada a male.","Pimientos rellenos de carne, cocidos para que los sabores se fusionen. Es un plato sustancioso que es tanto nutritivo como sencillo. Cómelo antes de que se estropee.","Poivrons farcis de viande, cuits pour révéler des saveurs riches. C'est un plat copieux, à la fois nourrissant et simple. Mangez avant que cela ne soit périmé.","甜椒填充肉类，煮至味道浓郁。它是一道丰盛的菜肴，既饱腹又简单。 在变质之前吃掉。","肉を詰めたピーマン、味がしっかりと出るまで調理されます。栄養豊富でシンプルな、満足感のある料理です。 腐る前に食べてください。","Pimentões recheados com carne, cozidos para liberar sabores ricos. É um prato substancioso, que é tanto nutritivo quanto simples. Coma antes que estrague.","甜椒填充肉类，煮至味道浓郁。它是一道丰盛的菜肴，既饱腹又简单。 在变质之前吃掉。",
"STR_CookZ_PommdoenerBox_DN","Pommdoener","Pommdoener","Pommdöner","Pommdöner","Понмдёнер","Pommdöner","Pommdoener","Pommdoener","Pommdoener","Pommdöner","ポムドナー","Pommdoener","Pommdöner",
"STR_CookZ_PommdoenerBox_DS","Fries topped with döner meat, all packed into a box. A simple, no-nonsense meal that’s both tasty and filling.","Fries topped with döner meat, all packed into a box. A simple, no-nonsense meal that’s both tasty and filling.","Hranolky mit Dönerfleisch, všechno zabalené v boxu. Jednoduché, ale chutné a syté jídlo.","Pommes mit Dönerfleisch, alles in einer Box. Ein einfaches, solides Gericht, das lecker und sättigend ist.","Донер с картошкой фри, все в одной коробке. Простое, но вкусное и сытное блюдо.","Frytki z mięsem döner, wszystko włożone do pudełka. Proste, smaczne i sycące danie.","Patatine fritte con carne di döner, il tutto confezionato in una scatola. Un pasto semplice, ma gustoso e saziante.","Patatas fritas con carne de döner, todo empaquetado en una caja. Una comida simple, sabrosa y sustanciosa.","Frites garnies de viande de kebap, le tout dans une boîte. Un repas simple, savoureux et copieux.","薯条上面加了烤肉，全部装入盒子中。简单、实用的美味餐，既好吃又令人满足。","ドネル肉をのせたフライドポテト、すべてがボックスに詰め込まれています。シンプルでありながら、味も満足感もある食事です。","Fritas cobertas com carne de döner, tudo embalado em uma caixa. Uma refeição simples, sem frescura, que é saborosa e satisfatória.","薯条上面加了烤肉，全部装入盒子中。简单、实用的美味餐，既好吃又令人满足。",
"STR_CookZ_PommdoenerBox_Opened_DS","Fries topped with döner meat, all packed into a box. A simple, no-nonsense meal that’s both tasty and filling. Eat up before it spoils.","Fries topped with döner meat, all packed into a box. A simple, no-nonsense meal that’s both tasty and filling. Eat up before it spoils.","Hranolky mit Dönerfleisch, všechno zabalené v boxu. Jednoduché, ale chutné a syté jídlo. Snězte to, než se zkazí.","Pommes mit Dönerfleisch, alles in einer Box. Ein einfaches, solides Gericht, das lecker und sättigend ist. Nach dem Öffnen rasch verzehren.","Донер с картошкой фри, все в одной коробке. Простое, но вкусное и сытное блюдо. Съешьте, пока не испортилось.","Frytki z mięsem döner, wszystko włożone do pudełka. Proste, smaczne i sycące danie. Zjedz, zanim się zepsuje.","Patatine fritte con carne di döner, il tutto confezionato in una scatola. Un pasto semplice, ma gustoso e saziante. Mangia prima che vada a male.","Patatas fritas con carne de döner, todo empaquetado en una caja. Una comida simple, sabrosa y sustanciosa. Cómelo antes de que se estropee.","Frites garnies de viande de kebap, le tout dans une boîte. Un repas simple, savoureux et copieux. Mangez avant que cela ne soit périmé.","薯条上面加了烤肉，全部装入盒子中。简单、实用的美味餐，既好吃又令人满足。 在变质之前吃掉。","ドネル肉をのせたフライドポテト、すべてがボックスに詰め込まれています。シンプルでありながら、味も満足感もある食事です。 腐る前に食べてください。","Fritas cobertas com carne de döner, tudo embalado em uma caixa. Uma refeição simples, sem frescura, que é saborosa e satisfatória. Coma antes que estrague.","薯条上面加了烤肉，全部装入盒子中。简单、实用的美味餐，既好吃又令人满足。 在变质之前吃掉。",
"STR_CookZ_BangersAndMashBox_DN","Bangers And Mash","Bangers And Mash","Klobásy a bramborová kaše","Bratwürste mit Kartoffelpüree","Колбаски с картофельным пюре","Kiełbaski z puree ziemniaczanym","Salsicce e purè","Salchichas con puré de patatas","Saucisses et purée de pommes de terre","香肠配土豆泥","ソーセージとマッシュポテト","Salsichas com purê de batata","香肠配土豆泥",
"STR_CookZ_BangersAndMashBox_DS","Sausages served with creamy mashed potatoes. A classic and simple comfort food that fills you up.","Sausages served with creamy mashed potatoes. A classic and simple comfort food that fills you up.","Klobásy podávané s krémovou bramborovou kaší. Klasické a jednoduché jídlo, které vás zasytí.","Bratwürste, serviert mit cremigem Kartoffelpüree. Ein klassisches und einfaches Gericht, das satt macht.","Колбаски, поданные с кремовым картофельным пюре. Классическое и простое утешающее блюдо, которое насытит.","Kiełbaski podane z kremowym puree ziemniaczanym. Klasyczne, proste jedzenie, które cię nasyci.","Salsicce servite con purè di patate cremoso. Un classico e semplice comfort food che ti riempie.","Salchichas servidas con puré de patatas cremoso. Un plato clásico y simple que te llena.","Saucisses servies avec une purée de pommes de terre crémeuse. Un plat classique et simple qui vous rassasie.","香肠配上奶油土豆泥。一道经典简单的舒适食品，吃了让人满足。","クリーミーなマッシュポテトと一緒に提供されるソーセージ。クラシックでシンプルなコンフォートフードで、満腹感を与えます。","Salsichas servidas com purê de batata cremoso. Um prato clássico e simples que vai te encher.","香肠配上奶油土豆泥。一道经典简单的舒适食品，吃了让人满足。",
"STR_CookZ_BangersAndMashBox_Opened_DS","Sausages served with creamy mashed potatoes. A classic and simple comfort food that fills you up. Eat up before it spoils.","Sausages served with creamy mashed potatoes. A classic and simple comfort food that fills you up. Eat up before it spoils.","Klobásy podávané s krémovou bramborovou kaší. Klasické a jednoduché jídlo, které vás zasytí. Snězte to, než se zkazí.","Bratwürste, serviert mit cremigem Kartoffelpüree. Ein klassisches und einfaches Gericht, das satt macht. Nach dem Öffnen rasch verzehren.","Колбаски, поданные с кремовым картофельным пюре. Классическое и простое утешающее блюдо, которое насытит. Съешьте, пока не испортилось.","Kiełbaski podane z kremowym puree ziemniaczanym. Klasyczne, proste jedzenie, które cię nasyci. Zjedz, zanim się zepsuje.","Salsicce servite con purè di patate cremoso. Un classico e semplice comfort food che ti riempie. Mangia prima che vada a male.","Salchichas servidas con puré de patatas cremoso. Un plato clásico y simple que te llena. Cómelo antes de que se estropee.","Saucisses servies avec une purée de pommes de terre crémeuse. Un plat classique et simple qui vous rassasie. Mangez avant que cela ne soit périmé.","香肠配上奶油土豆泥。一道经典简单的舒适食品，吃了让人满足。 在变质之前吃掉。","クリーミーなマッシュポテトと一緒に提供されるソーセージ。クラシックでシンプルなコンフォートフードで、満腹感を与えます。 腐る前に食べてください。","Salsichas servidas com purê de batata cremoso. Um prato clássico e simples que vai te encher. Coma antes que estrague.","香肠配上奶油土豆泥。一道经典简单的舒适食品，吃了让人满足。 在变质之前吃掉。",
"STR_CookZ_CurrywurstBox_DN","Currywurst","Currywurst","Currywurst","Currywurst","Курривурст","Currywurst","Currywurst","Currywurst","Currywurst","咖喱香肠","カリーブルスト","Currywurst","咖喱香肠",
"STR_CookZ_CurrywurstBox_DS","A grilled sausage topped with a tangy curry sauce. It’s a popular, quick snack that’s packed with flavor.","A grilled sausage topped with a tangy curry sauce. It’s a popular, quick snack that’s packed with flavor.","Grilovaná klobása, pokrytá pikantní curry omáčkou. Oblíbená, rychlá svačina plná chuti.","Eine Bratwurst, bedeckt mit einer würzigen Currysauce. Ein beliebter, schneller Snack voller Geschmack.","Гриль-колбаска, покрытая пикантным карри соусом. Популярная, быстрая закуска с насыщенным вкусом.","Grillowana kiełbasa polana pikantnym sosem curry. Popularna, szybka przekąska pełna smaku.","Salsiccia alla griglia con salsa al curry piccante. Uno spuntino veloce e popolare, ricco di sapore.","Una salchicha a la parrilla cubierta con una salsa de curry picante. Es un bocadillo rápido y popular, lleno de sabor.","Une saucisse grillée garnie d'une sauce au curry piquante. Un encas rapide et populaire, plein de saveur.","烤香肠配上浓郁的咖喱酱。这是一个受欢迎的快捷小吃，味道十足。","グリルされたソーセージにピリッとしたカレーソースをかけたもの。人気のある速攻スナックで、味わい深い。","Uma salsicha grelhada coberta com molho de curry picante. Um lanche rápido e popular, cheio de sabor.","烤香肠配上浓郁的咖喱酱。这是一个受欢迎的快捷小吃，味道十足。",
"STR_CookZ_CurrywurstBox_Opened_DS","A grilled sausage topped with a tangy curry sauce. It’s a popular, quick snack that’s packed with flavor. Eat up before it spoils.","A grilled sausage topped with a tangy curry sauce. It’s a popular, quick snack that’s packed with flavor. Eat up before it spoils.","Grilovaná klobása, pokrytá pikantní curry omáčkou. Oblíbená, rychlá svačina plná chuti. Snězte to, než se zkazí.","Eine Bratwurst, bedeckt mit einer würzigen Currysauce. Ein beliebter, schneller Snack voller Geschmack. Nach dem Öffnen rasch verzehren.","Гриль-колбаска, покрытая пикантным карри соусом. Популярная, быстрая закуска с насыщенным вкусом. Съешьте, пока не испортилось.","Grillowana kiełbasa polana pikantnym sosem curry. Popularna, szybka przekąska pełna smaku. Zjedz, zanim się zepsuje.","Salsiccia alla griglia con salsa al curry piccante. Uno spuntino veloce e popolare, ricco di sapore. Mangia prima che vada a male.","Una salchicha a la parrilla cubierta con una salsa de curry picante. Es un bocadillo rápido y popular, lleno de sabor. Cómelo antes de que se estropee.","Une saucisse grillée garnie d'une sauce au curry piquante. Un encas rapide et populaire, plein de saveur. Mangez avant que cela ne soit périmé.","烤香肠配上浓郁的咖喱酱。这是一个受欢迎的快捷小吃，味道十足。 在变质之前吃掉。","グリルされたソーセージにピリッとしたカレーソースをかけたもの。人気のある速攻スナックで、味わい深い。 腐る前に食べてください。","Uma salsicha grelhada coberta com molho de curry picante. Um lanche rápido e popular, cheio de sabor. Coma antes que estrague.","烤香肠配上浓郁的咖喱酱。这是一个受欢迎的快捷小吃，味道十足。 在变质之前吃掉。",
"STR_CookZ_StuffedMushroomsBox_DN","Stuffed Mushrooms","Stuffed Mushrooms","Plněné houby","Gefüllte Pilze","Фаршированные грибы","Faszerowane grzyby","Funghi ripieni","Champiñones rellenos","Champignons farcis","酿蘑菇","詰め物をしたキノコ","Cogumelos recheados","酿蘑菇",
"STR_CookZ_StuffedMushroomsBox_DS","Tender mushrooms filled with melted cheese. A small, flavorful dish that’s perfect as a snack or appetizer.","Tender mushrooms filled with melted cheese. A small, flavorful dish that’s perfect as a snack or appetizer.","Jemné houby plněné roztaveným sýrem. Malé, chutné jídlo, ideální jako svačina nebo předkrm.","Zarte Pilze, gefüllt mit geschmolzenem Käse. Ein kleines, geschmackvolles Gericht, das perfekt als Snack oder Vorspeise dient.","Нежные грибы, фаршированные расплавленным сыром. Маленькое, вкусное блюдо, идеально подходящее как закуска или аперитив.","Miękkie grzyby faszerowane roztopionym serem. Małe, smaczne danie, idealne jako przekąska lub przystawka.","Funghi teneri ripieni di formaggio fuso. Un piccolo piatto saporito, perfetto come spuntino o antipasto.","Champiñones tiernos rellenos de queso derretido. Un pequeño y sabroso plato perfecto como bocadillo o aperitivo.","Champignons tendres farcis de fromage fondu. Un petit plat savoureux, parfait comme encas ou entrée.","嫩蘑菇里塞满了融化的奶酪。一个小巧、美味的菜肴，适合作为小吃或开胃菜。","柔らかいキノコに溶けたチーズを詰めました。軽食や前菜にぴったりの小さな美味しい料理です。","Cogumelos tenros recheados com queijo derretido. Um prato pequeno e saboroso, perfeito como lanche ou aperitivo.","嫩蘑菇里塞满了融化的奶酪。一个小巧、美味的菜肴，适合作为小吃或开胃菜。",
"STR_CookZ_StuffedMushroomsBox_Opened_DS","Tender mushrooms filled with melted cheese. A small, flavorful dish that’s perfect as a snack or appetizer. Eat up before it spoils.","Tender mushrooms filled with melted cheese. A small, flavorful dish that’s perfect as a snack or appetizer. Eat up before it spoils.","Jemné houby plněné roztaveným sýrem. Malé, chutné jídlo, ideální jako svačina nebo předkrm. Snězte to, než se zkazí.","Zarte Pilze, gefüllt mit geschmolzenem Käse. Ein kleines, geschmackvolles Gericht, das perfekt als Snack oder Vorspeise dient. Nach dem Öffnen rasch verzehren.","Нежные грибы, фаршированные расплавленным сыром. Маленькое, вкусное блюдо, идеально подходящее как закуска или аперитив. Съешьте, пока не испортилось.","Miękkie grzyby faszerowane roztopionym serem. Małe, smaczne danie, idealne jako przekąska lub przystawka. Zjedz, zanim się zepsuje.","Funghi teneri ripieni di formaggio fuso. Un piccolo piatto saporito, perfetto come spuntino o antipasto. Mangia prima che vada a male.","Champiñones tiernos rellenos de queso derretido. Un pequeño y sabroso plato perfecto como bocadillo o aperitivo. Cómelo antes de que se estropee.","Champignons tendres farcis de fromage fondu. Un petit plat savoureux, parfait comme encas ou entrée. Mangez avant que cela ne soit périmé.","嫩蘑菇里塞满了融化的奶酪。一个小巧、美味的菜肴，适合作为小吃或开胃菜。 在变质之前吃掉。","柔らかいキノコに溶けたチーズを詰めました。軽食や前菜にぴったりの小さな美味しい料理です。 腐る前に食べてください。","Cogumelos tenros recheados com queijo derretido. Um prato pequeno e saboroso, perfeito como lanche ou aperitivo. Coma antes que estrague.","嫩蘑菇里塞满了融化的奶酪。一个小巧、美味的菜肴，适合作为小吃或开胃菜。 在变质之前吃掉。",
"STR_CookZ_RabbitRoastBox_DN","Rabbit Roast","Rabbit Roast","Králík pečený","Kaninchenbraten","Запечённый кролик","Pieczony królik","Arrosto di coniglio","Conejo asado","Rôti de lapin","烤兔肉","ローストウサギ","Coelho assado","烤兔肉",
"STR_CookZ_RabbitRoastBox_DS","Roasted rabbit legs cooked with bell peppers and tomatoes. A rich, hearty meal with simple ingredients.","Roasted rabbit legs cooked with bell peppers and tomatoes. A rich, hearty meal with simple ingredients.","Pečené králičí stehna, vařená s paprikou a rajčaty. Bohaté, vydatné jídlo z jednoduchých surovin.","Kaninchenkeulen, gebraten mit Paprika und Tomaten. Ein kräftiges Gericht aus einfachen Zutaten.","Запечённые кроличьи ножки, приготовленные с перцем и помидорами. Сытное, насыщенное блюдо.","Pieczone nogi królika, gotowane z papryką i pomidorami. Bogate, sycące danie z prostych składników.","Cosce di coniglio arrostite cotte con peperoni e pomodori. Un pasto ricco e sostanzioso con ingredienti semplici.","Piernas de conejo asadas cocinadas con pimientos y tomates. Una comida rica y abundante con ingredientes simples.","Cuisses de lapin rôties cuites avec des poivrons et des tomates. Un repas riche et copieux avec des ingrédients simples.","烤兔腿与彩椒和番茄一同烹饪。一道丰富而丰盛的菜肴，采用简单的食材。","ローストしたウサギの足をピーマンとトマトで調理。シンプルな食材を使った、豊かでボリューム満点の料理です。","Pernas de coelho assadas cozidas com pimentões e tomates. Uma refeição rica e reconfortante com ingredientes simples.","烤兔腿与彩椒和番茄一同烹饪。一道丰富而丰盛的菜肴，采用简单的食材。",
"STR_CookZ_RabbitRoastBox_Opened_DS","Roasted rabbit legs cooked with bell peppers and tomatoes. A rich, hearty meal with simple ingredients. Eat up before it spoils.","Roasted rabbit legs cooked with bell peppers and tomatoes. A rich, hearty meal with simple ingredients. Eat up before it spoils.","Pečené králičí stehna, vařená s paprikou a rajčaty. Bohaté, vydatné jídlo z jednoduchých surovin. Snězte to, než se zkazí.","Kaninchenkeulen, gebraten mit Paprika und Tomaten. Ein kräftiges Gericht aus einfachen Zutaten. Nach dem Öffnen rasch verzehren.","Запечённые кроличьи ножки, приготовленные с перцем и помидорами. Сытное, насыщенное блюдо. Съешьте, пока не испортилось.","Pieczone nogi królika, gotowane z papryką i pomidorami. Bogate, sycące danie z prostych składników. Zjedz, zanim się zepsuje.","Cosce di coniglio arrostite cotte con peperoni e pomodori. Un pasto ricco e sostanzioso con ingredienti semplici. Mangia prima che vada a male.","Piernas de conejo asadas cocinadas con pimientos y tomates. Una comida rica y abundante con ingredientes simples. Cómelo antes de que se estropee.","Cuisses de lapin rôties cuites avec des poivrons et des tomates. Un repas riche et copieux avec des ingrédients simples. Mangez avant que cela ne soit périmé.","烤兔腿与彩椒和番茄一同烹饪。一道丰富而丰盛的菜肴，采用简单的食材。 在变质之前吃掉。","ローストしたウサギの足をピーマンとトマトで調理。シンプルな食材を使った、豊かでボリューム満点の料理です。 腐る前に食べてください。","Pernas de coelho assadas cozidas com pimentões e tomates. Uma refeição rica e reconfortante com ingredientes simples. Coma antes que estrague.","烤兔腿与彩椒和番茄一同烹饪。一道丰富而丰盛的菜肴，采用简单的食材。 在变质之前吃掉。",
"STR_CookZ_NuggiesAndFriesBox_DN","Nuggies And Fries","Nuggies And Fries","Nuggets a hranolky","Hähnchennuggets und Pommes","Наггетсы и картофель фри","Nuggetsy i frytki","Nuggets e patatine fritte","Nuggets y patatas fritas","Nuggets de poulet et frites","鸡块和薯条","チキンナゲットとフライドポテト","Nuggets de frango e batatas fritas","鸡块和薯条",
"STR_CookZ_NuggiesAndFriesBox_DS","Crispy chicken nuggets served with fries. A quick, filling meal that’s hard to resist.","Crispy chicken nuggets served with fries. A quick, filling meal that’s hard to resist.","Křupavé kuřecí nuggets podávané s hranolkami. Rychlé a syté jídlo, kterému nelze odolat.","Knusprige Hähnchennuggets, serviert mit Pommes. Ein schnelles, sättigendes Essen, das immer geht.","Хрустящие куриные наггетсы с картофелем фри. Быстрое и сытное блюдо, от которого трудно отказаться.","Chrupiące nuggetsy z kurczaka podane z frytkami. Szybka, sycąca potrawa, której trudno się oprzeć.","Nuggets di pollo croccanti serviti con patatine fritte. Un pasto veloce e sostanzioso, difficile da resistere.","Nuggets de pollo crujientes servidos con patatas fritas. Una comida rápida y saciante, difícil de resistir.","Nuggets de poulet croustillants servis avec des frites. Un repas rapide et rassasiant auquel il est difficile de résister.","脆皮鸡块配薯条。快速又满足的美味餐，令人难以抗拒。","カリカリのチキンナゲットにフライドポテトを添えて。素早くて満足感のある料理で、食べ過ぎてしまいます。","Nuggets de frango crocantes servidos com batatas fritas. Uma refeição rápida e farta, difícil de resistir.","脆皮鸡块配薯条。快速又满足的美味餐，令人难以抗拒。",
"STR_CookZ_NuggiesAndFriesBox_Opened_DS","Crispy chicken nuggets served with fries. A quick, filling meal that’s hard to resist. Eat up before it spoils.","Crispy chicken nuggets served with fries. A quick, filling meal that’s hard to resist. Eat up before it spoils.","Křupavé kuřecí nuggets podávané s hranolkami. Rychlé a syté jídlo, kterému nelze odolat. Snězte to, než se zkazí.","Knusprige Hähnchennuggets, serviert mit Pommes. Ein schnelles, sättigendes Essen, das immer geht. Nach dem Öffnen rasch verzehren.","Хрустящие куриные наггетсы с картофелем фри. Быстрое и сытное блюдо, от которого трудно отказаться. Съешьте, пока не испортилось.","Chrupiące nuggetsy z kurczaka podane z frytkami. Szybka, sycąca potrawa, której trudno się oprzeć. Zjedz, zanim się zepsuje.","Nuggets di pollo croccanti serviti con patatine fritte. Un pasto veloce e sostanzioso, difficile da resistere. Mangia prima che vada a male.","Nuggets de pollo crujientes servidos con patatas fritas. Una comida rápida y saciante, difícil de resistir. Cómelo antes de que se estropee.","Nuggets de poulet croustillants servis avec des frites. Un repas rapide et rassasiant auquel il est difficile de résister. Mangez avant que cela ne soit périmé.","脆皮鸡块配薯条。快速又满足的美味餐，令人难以抗拒。 在变质之前吃掉。","カリカリのチキンナゲットにフライドポテトを添えて。素早くて満足感のある料理で、食べ過ぎてしまいます。 腐る前に食べてください。","Nuggets de frango crocantes servidos com batatas fritas. Uma refeição rápida e farta, difícil de resistir. Coma antes que estrague.","脆皮鸡块配薯条。快速又满足的美味餐，令人难以抗拒。 在变质之前吃掉。",
"STR_CookZ_SchnitzelBox_DN","Schnitzel","Schnitzel","Svíčková","Schnitzel","Шницель","Sznycel","Cotoletta","Escalope","Escalope","炸肉排","シュニッツェル","Schnitzel","炸肉排",
"STR_CookZ_SchnitzelBox_DS","Thinly sliced meat, breaded and fried to a golden crisp. A no-fuss meal that satisfies every time.","Thinly sliced meat, breaded and fried to a golden crisp. A no-fuss meal that satisfies every time.","Tenké plátky masa, obalené a osmažené do zlatova. Jednoduché jídlo, které vždy uspokojí.","Dünn geschnittenes Fleisch, paniert und goldbraun gebraten. Ein unkompliziertes Gericht, das immer satt macht.","Тонкие ломтики мяса, обжаренные в панировке до золотистой корочки. Простое блюдо, которое всегда радует.","Cienkie kawałki mięsa, panierowane i smażone na złoty chrupiący kolor. Proste danie, które zawsze zaspokaja.","Carne affettata sottilmente, impanata e fritta fino a doratura. Un pasto semplice che soddisfa ogni volta.","Carne finamente rebanada, empanada y frita hasta quedar dorada y crujiente. Una comida sin complicaciones que siempre satisface.","Viande tranchée finement, panée et frite jusqu'à obtenir une croûte dorée. Un plat simple qui satisfait à chaque fois.","薄切肉片，裹上面包屑并炸至金黄酥脆。简单的餐点，每次都能满足。","薄切りの肉をパン粉で衣をつけて、黄金色に揚げたもの。シンプルで満足感のある料理です。","Carne finamente fatiada, empanada e frita até ficar crocante e dourada. Uma refeição simples que sempre satisfaz.","薄切肉片，裹上面包屑并炸至金黄酥脆。简单的餐点，每次都能满足。",
"STR_CookZ_SchnitzelBox_Opened_DS","Thinly sliced meat, breaded and fried to a golden crisp. A no-fuss meal that satisfies every time. Eat up before it spoils.","Thinly sliced meat, breaded and fried to a golden crisp. A no-fuss meal that satisfies every time. Eat up before it spoils.","Tenké plátky masa, obalené a osmažené do zlatova. Jednoduché jídlo, které vždy uspokojí. Snězte to, než se zkazí.","Dünn geschnittenes Fleisch, paniert und goldbraun gebraten. Ein unkompliziertes Gericht, das immer satt macht. Nach dem Öffnen rasch verzehren.","Тонкие ломтики мяса, обжаренные в панировке до золотистой корочки. Простое блюдо, которое всегда радует. Съешьте, пока не испортилось.","Cienkie kawałki mięsa, panierowane i smażone na złoty chrupiący kolor. Proste danie, które zawsze zaspokaja. Zjedz, zanim się zepsuje.","Carne affettata sottilmente, impanata e fritta fino a doratura. Un pasto semplice che soddisfa ogni volta. Mangia prima che vada a male.","Carne finamente rebanada, empanada y frita hasta quedar dorada y crujiente. Una comida sin complicaciones que siempre satisface. Cómelo antes de que se estropee.","Viande tranchée finement, panée et frite jusqu'à obtenir une croûte dorée. Un plat simple qui satisfait à chaque fois. Mangez avant que cela ne soit périmé.","薄切肉片，裹上面包屑并炸至金黄酥脆。简单的餐点，每次都能满足。 在变质之前吃掉。","薄切りの肉をパン粉で衣をつけて、黄金色に揚げたもの。シンプルで満足感のある料理です。 腐る前に食べてください。","Carne finamente fatiada, empanada e frita até ficar crocante e dourada. Uma refeição simples que sempre satisfaz. Coma antes que estrague.","薄切肉片，裹上面包屑并炸至金黄酥脆。简单的餐点，每次都能满足。 在变质之前吃掉。",
"STR_CookZ_BiffALaNelsonBox_DN","Biff à la Nelson","Biff à la Nelson","Biff à la Nelson","Biff à la Nelson","Бифф а-ля Нельсон","Biff à la Nelson","Biff à la Nelson","Biff à la Nelson","Biff à la Nelson","比夫·阿·拉·尼尔森","ビフ・ア・ラ・ネルソン","Biff à la Nelson","比夫·阿·拉·尼尔森",
"STR_CookZ_BiffALaNelsonBox_DS","Tender meat served with potatoes and a rich beer sauce. Simple ingredients, but packed with flavor.","Tender meat served with potatoes and a rich beer sauce. Simple ingredients, but packed with flavor.","Křehké maso podávané s bramborami a bohatou pivní omáčkou. Jednoduché ingredience, ale plné chuti.","Zartes Fleisch, serviert mit Kartoffeln und einer würzigen Biersoße. Einfache Zutaten, aber voller Geschmack.","Нежное мясо, поданное с картофелем и насыщенным пивным соусом. Простые ингредиенты, но полные вкуса.","Soczyste mięso podane z ziemniakami i bogatym sosem piwnym. Proste składniki, ale pełne smaku.","Carne tenera servita con patate e una ricca salsa alla birra. Ingredienti semplici, ma ricchi di sapore.","Carne tierna servida con patatas y una rica salsa de cerveza. Ingredientes sencillos, pero llenos de sabor.","Viande tendre servie avec des pommes de terre et une riche sauce à la bière. Des ingrédients simples, mais pleins de saveur.","嫩肉配土豆和浓郁的啤酒酱。简单的食材，但味道十足。","柔らかい肉をジャガイモと豊かなビールソースで提供。シンプルな食材ながら、風味豊かです。","Carne tenra servida com batatas e um molho de cerveja rico. Ingredientes simples, mas cheios de sabor.","嫩肉配土豆和浓郁的啤酒酱。简单的食材，但味道十足。",
"STR_CookZ_BiffALaNelsonBox_Opened_DS","Tender meat served with potatoes and a rich beer sauce. Simple ingredients, but packed with flavor. Eat up before it spoils.","Tender meat served with potatoes and a rich beer sauce. Simple ingredients, but packed with flavor. Eat up before it spoils.","Křehké maso podávané s bramborami a bohatou pivní omáčkou. Jednoduché ingredience, ale plné chuti. Snězte to, než se zkazí.","Zartes Fleisch, serviert mit Kartoffeln und einer würzigen Biersoße. Einfache Zutaten, aber voller Geschmack. Nach dem Öffnen rasch verzehren.","Нежное мясо, поданное с картофелем и насыщенным пивным соусом. Простые ингредиенты, но полные вкуса. Съешьте, пока не испортилось.","Soczyste mięso podane z ziemniakami i bogatym sosem piwnym. Proste składniki, ale pełne smaku. Zjedz, zanim się zepsuje.","Carne tenera servita con patate e una ricca salsa alla birra. Ingredienti semplici, ma ricchi di sapore. Mangia prima che vada a male.","Carne tierna servida con patatas y una rica salsa de cerveza. Ingredientes sencillos, pero llenos de sabor. Cómelo antes de que se estropee.","Viande tendre servie avec des pommes de terre et une riche sauce à la bière. Des ingrédients simples, mais pleins de saveur. Mangez avant que cela ne soit périmé.","嫩肉配土豆和浓郁的啤酒酱。简单的食材，但味道十足。 在变质之前吃掉。","柔らかい肉をジャガイモと豊かなビールソースで提供。シンプルな食材ながら、風味豊かです。 腐る前に食べてください。","Carne tenra servida com batatas e um molho de cerveja rico. Ingredientes simples, mas cheios de sabor. Coma antes que estrague.","嫩肉配土豆和浓郁的啤酒酱。简单的食材，但味道十足。 在变质之前吃掉。",
"STR_CookZ_PorkAndAppleBox_DN","Pork And Apple","Pork And Apple","Vepřo s jablečnou omáčkou","Schweinehaxe mit Apfelsoße","Свинина с яблочным соусом","Wieprzowina z sosem jabłkowym","Maiale con salsa di mele","Cerdo con salsa de manzana","Porc avec sauce aux pommes","猪肉与苹果酱","豚肉とアップルソース","Porco com molho de maçã","猪肉与苹果酱",
"STR_CookZ_PorkAndAppleBox_DS","Roasted pork served with a tangy apple sauce and hearty potatoes. A rich and rustic meal with a touch of sweetness.","Roasted pork served with a tangy apple sauce and hearty potatoes. A rich and rustic meal with a touch of sweetness.","Pečené vepřo podávané s pikantní jablečnou omáčkou a sytými bramborami. Bohaté a rustikální jídlo s nádechem sladkosti.","Knusprige Schweinehaxe serviert mit einer fruchtigen Apfelsoße und kräftigen Kartoffeln. Ein reichhaltiges, rustikales Gericht mit einer süßen Note.","Запечённая свинина, поданная с острым яблочным соусом и сытными картофелями. Богатое и деревенское блюдо с ноткой сладости.","Pieczona wieprzowina podana z pikantnym sosem jabłkowym i sycącymi ziemniakami. Bogate i rustykalne danie z nutą słodyczy.","Maiale arrosto servito con salsa di mele piccante e patate sostanziose. Un pasto ricco e rustico con un tocco di dolcezza.","Cerdo asado servido con una salsa de manzana picante y patatas contundentes. Una comida rica y rústica con un toque de dulzura.","Porc rôti servi avec une sauce aux pommes acidulée et des pommes de terre copieuses. Un repas riche et rustique avec une touche de douceur.","烤猪肉配酸甜的苹果酱和丰盛的土豆。一道丰富而质朴的菜肴，带有一丝甜味。","ローストした豚肉に、ピリッとしたアップルソースとボリューム満点のジャガイモを添えて。リッチで素朴な料理で、甘さがほんのり感じられます。","Porco assado servido com molho de maçã azedo e batatas robustas. Uma refeição rica e rústica com um toque de doçura.","烤猪肉配酸甜的苹果酱和丰盛的土豆。一道丰富而质朴的菜肴，带有一丝甜味。",
"STR_CookZ_PorkAndAppleBox_Opened_DS","Roasted pork served with a tangy apple sauce and hearty potatoes. A rich and rustic meal with a touch of sweetness. Eat up before it spoils.","Roasted pork served with a tangy apple sauce and hearty potatoes. A rich and rustic meal with a touch of sweetness. Eat up before it spoils.","Pečené vepřo podávané s pikantní jablečnou omáčkou a sytými bramborami. Bohaté a rustikální jídlo s nádechem sladkosti. Snězte to, než se zkazí.","Knusprige Schweinehaxe serviert mit einer fruchtigen Apfelsoße und kräftigen Kartoffeln. Ein reichhaltiges, rustikales Gericht mit einer süßen Note. Nach dem Öffnen rasch verzehren.","Запечённая свинина, поданная с острым яблочным соусом и сытными картофелями. Богатое и деревенское блюдо с ноткой сладости. Съешьте, пока не испортилось.","Pieczona wieprzowina podana z pikantnym sosem jabłkowym i sycącymi ziemniakami. Bogate i rustykalne danie z nutą słodyczy. Zjedz, zanim się zepsuje.","Maiale arrosto servito con salsa di mele piccante e patate sostanziose. Un pasto ricco e rustico con un tocco di dolcezza. Mangia prima che vada a male.","Cerdo asado servido con una salsa de manzana picante y patatas contundentes. Una comida rica y rústica con un toque de dulzura. Cómelo antes de que se estropee.","Porc rôti servi avec une sauce aux pommes acidulée et des pommes de terre copieuses. Un repas riche et rustique avec une touche de douceur. Mangez avant que cela ne soit périmé.","烤猪肉配酸甜的苹果酱和丰盛的土豆。一道丰富而质朴的菜肴，带有一丝甜味。 在变质之前吃掉。","ローストした豚肉に、ピリッとしたアップルソースとボリューム満点のジャガイモを添えて。リッチで素朴な料理で、甘さがほんのり感じられます。 腐る前に食べてください。","Porco assado servido com molho de maçã azedo e batatas robustas. Uma refeição rica e rústica com um toque de doçura. Coma antes que estrague.","烤猪肉配酸甜的苹果酱和丰盛的土豆。一道丰富而质朴的菜肴，带有一丝甜味。 在变质之前吃掉。",
"STR_CookZ_ChickenCordonBleuBox_DN","Chicken Cordon Bleu","Chicken Cordon Bleu","Kuřecí Cordon Bleu","Hähnchen Cordon Bleu","Куриное Кordon Bleu","Kurczak Cordon Bleu","Pollo Cordon Bleu","Pollo Cordon Bleu","Poulet Cordon Bleu","蓝带鸡","チキン・コルドン・ブルー","Frango Cordon Bleu","蓝带鸡",
"STR_CookZ_ChickenCordonBleuBox_DS","Breaded chicken breast stuffed with melted cheese. A simple yet satisfying dish with a crispy exterior and creamy filling.","Breaded chicken breast stuffed with melted cheese. A simple yet satisfying dish with a crispy exterior and creamy filling.","Panírované kuřecí prso plněné roztaveným sýrem. Jednoduché, ale uspokojivé jídlo s křupavou kůrkou a krémovou náplní.","Paniertes Hähnchenbrustfilet, gefüllt mit geschmolzenem Käse. Ein einfaches, aber sättigendes Gericht mit knuspriger Hülle und cremiger Füllung.","Куриная грудка в панировке, начиненная расплавленным сыром. Простое, но сытное блюдо с хрустящей корочкой и кремовой начинкой.","Panierowana pierś z kurczaka nadziewana roztopionym serem. Proste, ale satysfakcjonujące danie o chrupiącej skórce i kremowym nadzieniu.","Petto di pollo impanata ripieno di formaggio fuso. Un piatto semplice ma soddisfacente con una crosta croccante e un ripieno cremoso.","Pechuga de pollo empanada rellena de queso derretido. Un plato simple pero satisfactorio con un exterior crujiente y un relleno cremoso.","Poitrine de poulet panée, farcie de fromage fondu. Un plat simple mais satisfaisant avec une croûte croquante et une garniture crémeuse.","裹上面包屑的鸡胸肉，里面填满了融化的奶酪。一道简单却令人满意的菜肴，外脆内软。","パン粉をまぶした鶏の胸肉に溶けたチーズを詰め込んだ料理。シンプルながら満足感のある、外はカリカリで中はクリーミーな一品。","Peito de frango empanado recheado com queijo derretido. Um prato simples, mas satisfatório, com crosta crocante e recheio cremoso.","裹上面包屑的鸡胸肉，里面填满了融化的奶酪。一道简单却令人满意的菜肴，外脆内软。",
"STR_CookZ_ChickenCordonBleuBox_Opened_DS","Breaded chicken breast stuffed with melted cheese. A simple yet satisfying dish with a crispy exterior and creamy filling. Eat up before it spoils.","Breaded chicken breast stuffed with melted cheese. A simple yet satisfying dish with a crispy exterior and creamy filling. Eat up before it spoils.","Panírované kuřecí prso plněné roztaveným sýrem. Jednoduché, ale uspokojivé jídlo s křupavou kůrkou a krémovou náplní. Snězte to, než se zkazí.","Paniertes Hähnchenbrustfilet, gefüllt mit geschmolzenem Käse. Ein einfaches, aber sättigendes Gericht mit knuspriger Hülle und cremiger Füllung. Nach dem Öffnen rasch verzehren.","Куриная грудка в панировке, начиненная расплавленным сыром. Простое, но сытное блюдо с хрустящей корочкой и кремовой начинкой. Съешьте, пока не испортилось.","Panierowana pierś z kurczaka nadziewana roztopionym serem. Proste, ale satysfakcjonujące danie o chrupiącej skórce i kremowym nadzieniu. Zjedz, zanim się zepsuje.","Petto di pollo impanata ripieno di formaggio fuso. Un piatto semplice ma soddisfacente con una crosta croccante e un ripieno cremoso. Mangia prima che vada a male.","Pechuga de pollo empanada rellena de queso derretido. Un plato simple pero satisfactorio con un exterior crujiente y un relleno cremoso. Cómelo antes de que se estropee.","Poitrine de poulet panée, farcie de fromage fondu. Un plat simple mais satisfaisant avec une croûte croquante et une garniture crémeuse. Mangez avant que cela ne soit périmé.","裹上面包屑的鸡胸肉，里面填满了融化的奶酪。一道简单却令人满意的菜肴，外脆内软。 在变质之前吃掉。","パン粉をまぶした鶏の胸肉に溶けたチーズを詰め込んだ料理。シンプルながら満足感のある、外はカリカリで中はクリーミーな一品。 腐る前に食べてください。","Peito de frango empanado recheado com queijo derretido. Um prato simples, mas satisfatório, com crosta crocante e recheio cremoso. Coma antes que estrague.","裹上面包屑的鸡胸肉，里面填满了融化的奶酪。一道简单却令人满意的菜肴，外脆内软。 在变质之前吃掉。",
"STR_CookZ_RatatouilleBox_DN","Ratatouille","Ratatouille","Ratatouille","Ratatouille","Рататуй","Ratatouille","Ratatouille","Ratatouille","Ratatouille","普罗旺斯炖菜","ラタトゥイユ","Ratatouille","普罗旺斯炖菜",
"STR_CookZ_RatatouilleBox_DS","A savory vegetable medley featuring zucchini, potatoes, peppers, and tomatoes, all slow-cooked to bring out their natural flavors. A light and wholesome dish.","A savory vegetable medley featuring zucchini, potatoes, peppers, and tomatoes, all slow-cooked to bring out their natural flavors. A light and wholesome dish.","Slaný zeleninový mix, obsahující cuketu, brambory, papriky a rajčata, pomalu vařené, aby se uvolnily přirozené chutě. Lehký a zdravý pokrm.","Eine herzhafte Gemüse-Mischung aus Zucchini, Kartoffeln, Paprika und Tomaten, langsam gegart, um die natürlichen Aromen zu entfalten. Ein leichtes und gesundes Gericht.","Сытная смесь овощей, включая кабачки, картофель, перец и помидоры, медленно приготовленных для раскрытия их натуральных вкусов. Легкое и полезное блюдо.","Sycąca mieszanka warzyw, w tym cukinia, ziemniaki, papryka i pomidory, wolno gotowane, by uwolnić ich naturalne smaki. Lekka i zdrowa potrawa.","Un misto di verdure saporite, con zucchine, patate, peperoni e pomodori, cotti lentamente per esaltarne i sapori naturali. Un piatto leggero e salutare.","Una mezcla sabrosa de verduras que incluye calabacines, patatas, pimientos y tomates, cocinadas lentamente para resaltar sus sabores naturales. Un plato ligero y saludable.","Un mélange savoureux de légumes comprenant courgettes, pommes de terre, poivrons et tomates, tous cuits lentement pour faire ressortir leurs saveurs naturelles. Un plat léger et sain.","一道美味的蔬菜混合菜，包含西葫芦、土豆、辣椒和番茄，慢炖至释放天然风味。轻盈又健康的菜肴。","ズッキーニ、ジャガイモ、ピーマン、トマトなどの野菜を使った塩味のミックス。ゆっくりと煮込んでその自然な風味を引き出した軽くてヘルシーな料理。","Uma mistura de vegetais saborosos com abobrinha, batatas, pimentões e tomates, todos cozidos lentamente para realçar seus sabores naturais. Um prato leve e saudável.","一道美味的蔬菜混合菜，包含西葫芦、土豆、辣椒和番茄，慢炖至释放天然风味。轻盈又健康的菜肴。",
"STR_CookZ_RatatouilleBox_Opened_DS","A savory vegetable medley featuring zucchini, potatoes, peppers, and tomatoes, all slow-cooked to bring out their natural flavors. A light and wholesome dish. Eat up before it spoils.","A savory vegetable medley featuring zucchini, potatoes, peppers, and tomatoes, all slow-cooked to bring out their natural flavors. A light and wholesome dish. Eat up before it spoils.","Slaný zeleninový mix, obsahující cuketu, brambory, papriky a rajčata, pomalu vařené, aby se uvolnily přirozené chutě. Lehký a zdravý pokrm. Snězte to, než se zkazí.","Eine herzhafte Gemüse-Mischung aus Zucchini, Kartoffeln, Paprika und Tomaten, langsam gegart, um die natürlichen Aromen zu entfalten. Ein leichtes und gesundes Gericht. Nach dem Öffnen rasch verzehren.","Сытная смесь овощей, включая кабачки, картофель, перец и помидоры, медленно приготовленных для раскрытия их натуральных вкусов. Легкое и полезное блюдо. Съешьте, пока не испортилось.","Sycąca mieszanka warzyw, w tym cukinia, ziemniaki, papryka i pomidory, wolno gotowane, by uwolnić ich naturalne smaki. Lekka i zdrowa potrawa. Zjedz, zanim się zepsuje.","Un misto di verdure saporite, con zucchine, patate, peperoni e pomodori, cotti lentamente per esaltarne i sapori naturali. Un piatto leggero e salutare. Mangia prima che vada a male.","Una mezcla sabrosa de verduras que incluye calabacines, patatas, pimientos y tomates, cocinadas lentamente para resaltar sus sabores naturales. Un plato ligero y saludable. Cómelo antes de que se estropee.","Un mélange savoureux de légumes comprenant courgettes, pommes de terre, poivrons et tomates, tous cuits lentement pour faire ressortir leurs saveurs naturelles. Un plat léger et sain. Mangez avant que cela ne soit périmé.","一道美味的蔬菜混合菜，包含西葫芦、土豆、辣椒和番茄，慢炖至释放天然风味。轻盈又健康的菜肴。 在变质之前吃掉。","ズッキーニ、ジャガイモ、ピーマン、トマトなどの野菜を使った塩味のミックス。ゆっくりと煮込んでその自然な風味を引き出した軽くてヘルシーな料理。 腐る前に食べてください。","Uma mistura de vegetais saborosos com abobrinha, batatas, pimentões e tomates, todos cozidos lentamente para realçar seus sabores naturais. Um prato leve e saudável. Coma antes que estrague.","一道美味的蔬菜混合菜，包含西葫芦、土豆、辣椒和番茄，慢炖至释放天然风味。轻盈又健康的菜肴。 在变质之前吃掉。",
"STR_CookZ_BakedPotatoVegBox_DN","Baked Potato With Vegetables","Baked Potato With Vegetables","Zapečený brambor s zeleninou","Ofenkartoffel mit Gemüse","Запеченный картофель с овощами","Ziemniak zapiekany z warzywami","Patata al forno con verdure","Patatas asadas con verduras","Pommes de terre au four avec légumes","烤土豆配蔬菜","野菜を添えた焼きポテト","Batata assada com vegetais","烤土豆配蔬菜",
"STR_CookZ_BakedPotatoVegBox_DS","A baked potato topped with a mix of zucchini, bell peppers, tomatoes, and melted cheese. A filling, veggie-packed meal.","A baked potato topped with a mix of zucchini, bell peppers, tomatoes, and melted cheese. A filling, veggie-packed meal.","Zapečený brambor pokrytý směsí cukety, paprik, rajčat a roztaveného sýra. Syté, zeleninové jídlo.","Eine gebackene Kartoffel, belegt mit einer Mischung aus Zucchini, Paprika, Tomaten und geschmolzenem Käse. Ein sättigendes, gemüsereiches Gericht.","Запеченный картофель, покрытый смесью кабачков, перца, помидоров и расплавленного сыра. Сытное, овощное блюдо.","Ziemniak zapiekany z mieszanką cukinii, papryki, pomidorów i roztopionego sera. Syte, warzywne danie.","Patata al forno con un mix di zucchine, peperoni, pomodori e formaggio fuso. Un pasto ricco e pieno di verdure.","Patatas asadas cubiertas con una mezcla de calabacines, pimientos, tomates y queso derretido. Una comida llena y rica en verduras.","Pommes de terre au four garnies d'un mélange de courgettes, poivrons, tomates et fromage fondu. Un plat consistant, riche en légumes.","烤土豆上铺满了西葫芦、辣椒、番茄和融化的奶酪。丰盛的蔬菜餐。","焼きポテトにズッキーニ、ピーマン、トマト、溶けたチーズをのせた一品。ボリューム満点で野菜たっぷり。","Batata assada coberta com uma mistura de abobrinha, pimentões, tomates e queijo derretido. Uma refeição farta e repleta de vegetais.","烤土豆上铺满了西葫芦、辣椒、番茄和融化的奶酪。丰盛的蔬菜餐。",
"STR_CookZ_BakedPotatoVegBox_Opened_DS","A baked potato topped with a mix of zucchini, bell peppers, tomatoes, and melted cheese. A filling, veggie-packed meal. Eat up before it spoils.","A baked potato topped with a mix of zucchini, bell peppers, tomatoes, and melted cheese. A filling, veggie-packed meal. Eat up before it spoils.","Zapečený brambor pokrytý směsí cukety, paprik, rajčat a roztaveného sýra. Syté, zeleninové jídlo. Snězte to, než se zkazí.","Eine gebackene Kartoffel, belegt mit einer Mischung aus Zucchini, Paprika, Tomaten und geschmolzenem Käse. Ein sättigendes, gemüsereiches Gericht. Nach dem Öffnen rasch verzehren.","Запеченный картофель, покрытый смесью кабачков, перца, помидоров и расплавленного сыра. Сытное, овощное блюдо. Съешьте, пока не испортилось.","Ziemniak zapiekany z mieszanką cukinii, papryki, pomidorów i roztopionego sera. Syte, warzywne danie. Zjedz, zanim się zepsuje.","Patata al forno con un mix di zucchine, peperoni, pomodori e formaggio fuso. Un pasto ricco e pieno di verdure. Mangia prima che vada a male.","Patatas asadas cubiertas con una mezcla de calabacines, pimientos, tomates y queso derretido. Una comida llena y rica en verduras. Cómelo antes de que se estropee.","Pommes de terre au four garnies d'un mélange de courgettes, poivrons, tomates et fromage fondu. Un plat consistant, riche en légumes. Mangez avant que cela ne soit périmé.","烤土豆上铺满了西葫芦、辣椒、番茄和融化的奶酪。丰盛的蔬菜餐。 在变质之前吃掉。","焼きポテトにズッキーニ、ピーマン、トマト、溶けたチーズをのせた一品。ボリューム満点で野菜たっぷり。 腐る前に食べてください。","Batata assada coberta com uma mistura de abobrinha, pimentões, tomates e queijo derretido. Uma refeição farta e repleta de vegetais. Coma antes que estrague.","烤土豆上铺满了西葫芦、辣椒、番茄和融化的奶酪。丰盛的蔬菜餐。 在变质之前吃掉。",
"STR_CookZ_BakedPotatoMeatBox_DN","Baked Potato With Meat","Baked Potato With Meat","Zapečený brambor s masem","Ofenkartoffel mit Fleisch","Запеченный картофель с мясом","Ziemniak zapiekany z mięsem","Patata al forno con carne","Patatas asadas con carne","Pommes de terre au four avec viande","烤土豆配肉","焼きポテトと肉","Batata assada com carne","烤土豆配肉",
"STR_CookZ_BakedPotatoMeatBox_DS","A warm baked potato filled with tender meat and cheese, creating a comforting and satisfying dish.","A warm baked potato filled with tender meat and cheese, creating a comforting and satisfying dish.","Teplý zapečený brambor plněný jemným masem a sýrem, vytvářející pohodlné a uspokojivé jídlo.","Eine warme Ofenkartoffel, gefüllt mit zartem Fleisch und Käse. Ein einfaches, aber zufriedenstellendes Gericht.","Запеченный картофельс нежным мясом и сыром. Вкусное и сытное блюдо.","Ciepły zapiekany ziemniak nadziewany delikatnym mięsem i serem, tworząc komfortowe i satysfakcjonujące danie.","Una patata al forno ripiena di carne tenera e formaggio, creando un piatto confortevole e soddisfacente.","Una patata asada rellena de carne tierna y queso, creando un plato reconfortante y satisfactorio.","Une pomme de terre au four garnie de viande tendre et de fromage, créant un plat réconfortant et satisfaisant.","温暖的烤土豆里填满了嫩肉和奶酪，形成一道令人安慰和满足的菜肴。","温かい焼きポテトに柔らかい肉とチーズを詰めた、心地よく満足感のある一品。","Uma batata assada recheada com carne macia e queijo, criando um prato reconfortante e satisfatório.","温暖的烤土豆里填满了嫩肉和奶酪，形成一道令人安慰和满足的菜肴。",
"STR_CookZ_BakedPotatoMeatBox_Opened_DS","A warm baked potato filled with tender meat and cheese, creating a comforting and satisfying dish. Eat up before it spoils.","A warm baked potato filled with tender meat and cheese, creating a comforting and satisfying dish. Eat up before it spoils.","Teplý zapečený brambor plněný jemným masem a sýrem, vytvářející pohodlné a uspokojivé jídlo. Snězte to, než se zkazí.","Eine warme Ofenkartoffel, gefüllt mit zartem Fleisch und Käse. Ein einfaches, aber zufriedenstellendes Gericht. Nach dem Öffnen rasch verzehren.","Запеченный картофельс нежным мясом и сыром. Вкусное и сытное блюдо. Съешьте, пока не испортилось.","Ciepły zapiekany ziemniak nadziewany delikatnym mięsem i serem, tworząc komfortowe i satysfakcjonujące danie. Zjedz, zanim się zepsuje.","Una patata al forno ripiena di carne tenera e formaggio, creando un piatto confortevole e soddisfacente. Mangia prima che vada a male.","Una patata asada rellena de carne tierna y queso, creando un plato reconfortante y satisfactorio. Cómelo antes de que se estropee.","Une pomme de terre au four garnie de viande tendre et de fromage, créant un plat réconfortant et satisfaisant. Mangez avant que cela ne soit périmé.","温暖的烤土豆里填满了嫩肉和奶酪，形成一道令人安慰和满足的菜肴。 在变质之前吃掉。","温かい焼きポテトに柔らかい肉とチーズを詰めた、心地よく満足感のある一品。 腐る前に食べてください。","Uma batata assada recheada com carne macia e queijo, criando um prato reconfortante e satisfatório. Coma antes que estrague.","温暖的烤土豆里填满了嫩肉和奶酪，形成一道令人安慰和满足的菜肴。 在变质之前吃掉。",
"STR_CookZ_BakedPotatoFishBox_DN","Baked Potato With Seafood","Baked Potato With Seafood","Zapečený brambor s mořskými plody","Ofenkartoffel mit Meeresfrüchten","Запеченный картофель с морепродуктами","Ziemniak zapiekany z owocami morza","Patata al forno con frutti di mare","Patatas asadas con mariscos","Pommes de terre au four avec fruits de mer","烤土豆配海鲜","焼きポテトとシーフード","Batata assada com frutos do mar","烤土豆配海鲜",
"STR_CookZ_BakedPotatoFishBox_DS","A warm baked potato filled with melted cheese, fish, and caviar. A sophisticated combination of flavors that make for a unique and satisfying dish.","A warm baked potato filled with melted cheese, fish, and caviar. A sophisticated combination of flavors that make for a unique and satisfying dish.","Teplý zapečený brambor plněný roztaveným sýrem, rybami a kaviárem. Rafované spojení chutí, které činí toto jídlo jedinečným a uspokojivým.","Eine warme Ofenkartoffel, gefüllt mit geschmolzenem Käse, Fisch und Kaviar. Eine raffinierte Kombination aus Aromen, die dieses Gericht besonders macht.","Запеченный картофель с расплавленным сыром, рыбой и икрой. Изысканное сочетание вкусов, которое делает это блюдо уникальным и питательным.","Ciepły zapiekany ziemniak nadziewany roztopionym serem, rybami i kawioru. Wyszukane połączenie smaków, które sprawia, że to danie jest wyjątkowe i satysfakcjonujące.","Una patata al forno ripiena di formaggio fuso, pesce e caviale. Un raffinato connubio di sapori che rende questo piatto unico e soddisfacente.","Una patata asada rellena de queso derretido, pescado y caviar. Una combinación sofisticada de sabores que hace de este plato algo único y satisfactorio.","Une pomme de terre au four garnie de fromage fondu, poisson et caviar. Une combinaison sophistiquée de saveurs qui rend ce plat unique et satisfaisant.","温暖的烤土豆里填满了融化的奶酪、鱼类和鱼子酱。复杂的味道组合，使这道菜独特且令人满足。","焼きポテトに溶けたチーズ、魚、キャビアを詰めた一品。洗練された味の組み合わせで、この料理をユニークで満足のいくものにしています。","Uma batata assada recheada com queijo derretido, peixe e caviar. Uma combinação sofisticada de sabores que torna este prato único e satisfatório.","温暖的烤土豆里填满了融化的奶酪、鱼类和鱼子酱。复杂的味道组合，使这道菜独特且令人满足。",
"STR_CookZ_BakedPotatoFishBox_Opened_DS","A warm baked potato filled with melted cheese, fish, and caviar. A sophisticated combination of flavors that make for a unique and satisfying dish. Eat up before it spoils.","A warm baked potato filled with melted cheese, fish, and caviar. A sophisticated combination of flavors that make for a unique and satisfying dish. Eat up before it spoils.","Teplý zapečený brambor plněný roztaveným sýrem, rybami a kaviárem. Rafované spojení chutí, které činí toto jídlo jedinečným a uspokojivým. Snězte to, než se zkazí.","Eine warme Ofenkartoffel, gefüllt mit geschmolzenem Käse, Fisch und Kaviar. Eine raffinierte Kombination aus Aromen, die dieses Gericht besonders macht. Nach dem Öffnen rasch verzehren.","Запеченный картофель с расплавленным сыром, рыбой и икрой. Изысканное сочетание вкусов, которое делает это блюдо уникальным и питательным. Съешьте, пока не испортилось.","Ciepły zapiekany ziemniak nadziewany roztopionym serem, rybami i kawioru. Wyszukane połączenie smaków, które sprawia, że to danie jest wyjątkowe i satysfakcjonujące. Zjedz, zanim się zepsuje.","Una patata al forno ripiena di formaggio fuso, pesce e caviale. Un raffinato connubio di sapori che rende questo piatto unico e soddisfacente. Mangia prima che vada a male.","Una patata asada rellena de queso derretido, pescado y caviar. Una combinación sofisticada de sabores que hace de este plato algo único y satisfactorio. Cómelo antes de que se estropee.","Une pomme de terre au four garnie de fromage fondu, poisson et caviar. Une combinaison sophistiquée de saveurs qui rend ce plat unique et satisfaisant. Mangez avant que cela ne soit périmé.","温暖的烤土豆里填满了融化的奶酪、鱼类和鱼子酱。复杂的味道组合，使这道菜独特且令人满足。 在变质之前吃掉。","焼きポテトに溶けたチーズ、魚、キャビアを詰めた一品。洗練された味の組み合わせで、この料理をユニークで満足のいくものにしています。 腐る前に食べてください。","Uma batata assada recheada com queijo derretido, peixe e caviar. Uma combinação sofisticada de sabores que torna este prato único e satisfatório. Coma antes que estrague.","温暖的烤土豆里填满了融化的奶酪、鱼类和鱼子酱。复杂的味道组合，使这道菜独特且令人满足。 在变质之前吃掉。",
"STR_CookZ_PaprikasKrumpliBox_DN","Paprikas Krumpli","Paprikas Krumpli","Paprikas Krumpli","Paprikas Krumpli","Паприка с кортошкой","Paprikas Krumpli","Paprikas Krumpli","Paprikas Krumpli","Paprikás krumpli","胡椒土豆炖菜","パプリカス・クルンプリ","Paprikas Krumpli","胡椒土豆炖菜",
"STR_CookZ_PaprikasKrumpliBox_DS","A traditional Hungarian dish of sausage, potatoes, and bell peppers, simmered to perfection for a simple, filling meal.","A traditional Hungarian dish of sausage, potatoes, and bell peppers, simmered to perfection for a simple, filling meal.","Tradiční maďarské jídlo s klobásou, bramborami a paprikami, vařené k dokonalosti pro jednoduché, syté jídlo.","Ein traditionelles ungarisches Gericht mit Wurst, Kartoffeln und Paprika, zusammen geschmort zu einem einfachen, kräftigen Essen.","Традиционное венгерское блюдо с колбасой, картофелем и перцами, тушеное до совершенства для простого, сытного блюда.","Tradycyjne węgierskie danie z kiełbasą, ziemniakami i papryką, duszone do perfekcji, tworzące proste, sycące danie.","Un piatto tradizionale ungherese con salsiccia, patate e peperoni, cotto a fuoco lento per un pasto semplice e sostanzioso.","Un plato tradicional húngaro de salchichas, patatas y pimientos, cocido a fuego lento hasta alcanzar la perfección, para una comida simple y sustanciosa.","Un plat traditionnel hongrois à base de saucisse, pommes de terre et poivrons, mijoté à la perfection pour un repas simple et copieux.","一道传统的匈牙利菜肴，由香肠、土豆和甜椒组成，慢炖至完美，简单又饱腹。","伝統的なハンガリー料理で、ソーセージ、ポテト、ピーマンを煮込んだシンプルで満足感のある料理。","Um prato tradicional húngaro de linguiça, batatas e pimentões, cozido até a perfeição para uma refeição simples e farta.","一道传统的匈牙利菜肴，由香肠、土豆和甜椒组成，慢炖至完美，简单又饱腹。",
"STR_CookZ_PaprikasKrumpliBox_Opened_DS","A traditional Hungarian dish of sausage, potatoes, and bell peppers, simmered to perfection for a simple, filling meal. Eat up before it spoils.","A traditional Hungarian dish of sausage, potatoes, and bell peppers, simmered to perfection for a simple, filling meal. Eat up before it spoils.","Tradiční maďarské jídlo s klobásou, bramborami a paprikami, vařené k dokonalosti pro jednoduché, syté jídlo. Snězte to, než se zkazí.","Ein traditionelles ungarisches Gericht mit Wurst, Kartoffeln und Paprika, zusammen geschmort zu einem einfachen, kräftigen Essen. Nach dem Öffnen rasch verzehren.","Традиционное венгерское блюдо с колбасой, картофелем и перцами, тушеное до совершенства для простого, сытного блюда. Съешьте, пока не испортилось.","Tradycyjne węgierskie danie z kiełbasą, ziemniakami i papryką, duszone do perfekcji, tworzące proste, sycące danie. Zjedz, zanim się zepsuje.","Un piatto tradizionale ungherese con salsiccia, patate e peperoni, cotto a fuoco lento per un pasto semplice e sostanzioso. Mangia prima che vada a male.","Un plato tradicional húngaro de salchichas, patatas y pimientos, cocido a fuego lento hasta alcanzar la perfección, para una comida simple y sustanciosa. Cómelo antes de que se estropee.","Un plat traditionnel hongrois à base de saucisse, pommes de terre et poivrons, mijoté à la perfection pour un repas simple et copieux. Mangez avant que cela ne soit périmé.","一道传统的匈牙利菜肴，由香肠、土豆和甜椒组成，慢炖至完美，简单又饱腹。 在变质之前吃掉。","伝統的なハンガリー料理で、ソーセージ、ポテト、ピーマンを煮込んだシンプルで満足感のある料理。 腐る前に食べてください。","Um prato tradicional húngaro de linguiça, batatas e pimentões, cozido até a perfeição para uma refeição simples e farta. Coma antes que estrague.","一道传统的匈牙利菜肴，由香肠、土豆和甜椒组成，慢炖至完美，简单又饱腹。 在变质之前吃掉。",
"STR_CookZ_FishSticksBox_DN","Fish Sticks","Fish Sticks","Rybí tyčinky","Fischstäbchen","Рыбные палочки","Paluszki rybne","Bastoncini di pesce","Palitos de pescado","Bâtonnets de poisson","鱼条","フィッシュスティック","Palitos de peixe","鱼条",
"STR_CookZ_FishSticksBox_DS","Crispy fish sticks, easy to cook and packed with protein—perfect for staying strong in the wild.","Crispy fish sticks, easy to cook and packed with protein—perfect for staying strong in the wild.","Křupavé rybí tyčinky, snadno se připravují a jsou plné bílkovin – ideální pro přežití v divočině.","Knusprige Fischstäbchen, einfach zuzubereiten und reich an Protein – ideal, um in der Wildnis stark zu bleiben.","Хрустящие рыбные палочки, легко готовятся и богаты белком — отличный выбор для выживания в дикой природе.","Chrupiące paluszki rybne, łatwe do przygotowania i pełne białka – idealne na przetrwanie w dziczy.","Bastoncini di pesce croccanti, facili da cucinare e ricchi di proteine, perfetti per sopravvivenza nella natura.","Crujientes palitos de pescado, fáciles de cocinar y llenos de proteínas, ideales para resistir en la naturaleza.","Bâtonnets de poisson croustillants, faciles à préparer et riches en protéines – parfaits pour survivre en pleine nature.","香脆鱼条，易于烹饪，富含蛋白质，是野外生存的理想食物。","サクサクのフィッシュスティック。調理が簡単で高タンパク、サバイバルに最適な食糧。","Palitos de peixe crocantes, fáceis de preparar e ricos em proteínas – ideais para se manter forte na selva.","香脆鱼条，易于烹饪，富含蛋白质，是野外生存的理想食物。",
"STR_CookZ_FishSticksBox_Opened_DS","Crispy fish sticks, easy to cook and packed with protein—perfect for staying strong in the wild. Eat up before it spoils.","Crispy fish sticks, easy to cook and packed with protein—perfect for staying strong in the wild. Eat up before it spoils.","Křupavé rybí tyčinky, snadno se připravují a jsou plné bílkovin – ideální pro přežití v divočině. Snězte to, než se zkazí.","Knusprige Fischstäbchen, einfach zuzubereiten und reich an Protein – ideal, um in der Wildnis stark zu bleiben. Nach dem Öffnen rasch verzehren.","Хрустящие рыбные палочки, легко готовятся и богаты белком — отличный выбор для выживания в дикой природе. Съешьте, пока не испортилось.","Chrupiące paluszki rybne, łatwe do przygotowania i pełne białka – idealne na przetrwanie w dziczy. Zjedz, zanim się zepsuje.","Bastoncini di pesce croccanti, facili da cucinare e ricchi di proteine, perfetti per sopravvivenza nella natura. Mangia prima che vada a male.","Crujientes palitos de pescado, fáciles de cocinar y llenos de proteínas, ideales para resistir en la naturaleza. Cómelo antes de que se estropee.","Bâtonnets de poisson croustillants, faciles à préparer et riches en protéines – parfaits pour survivre en pleine nature. Mangez avant que cela ne soit périmé.","香脆鱼条，易于烹饪，富含蛋白质，是野外生存的理想食物。 在变质之前吃掉。","サクサクのフィッシュスティック。調理が簡単で高タンパク、サバイバルに最適な食糧。 腐る前に食べてください。","Palitos de peixe crocantes, fáceis de preparar e ricos em proteínas – ideais para se manter forte na selva. Coma antes que estrague.","香脆鱼条，易于烹饪，富含蛋白质，是野外生存的理想食物。 在变质之前吃掉。",
"STR_CookZ_PaellaBox_DN","Paella","Paella","Paella","Paella","Паэлья","Paella","Paella","Paella","Paella","西班牙炖饭","パエリア","Paella","西班牙炖饭",
"STR_CookZ_PaellaBox_DS","A rich dish of rice, chicken, fish, and tomatoes. Nutritious and filling—perfect for survival in harsh conditions.","A rich dish of rice, chicken, fish, and tomatoes. Nutritious and filling—perfect for survival in harsh conditions.","Syté jídlo z rýže, kuřete, ryby a rajčat. Výživné a zasytí – ideální pro přežití v drsných podmínkách.","Ein reichhaltiges Gericht aus Reis, Huhn, Fisch und Tomaten. Nahrhaft und sättigend – perfekt zum Überleben unter harten Bedingungen.","Сытное блюдо из риса, курицы, рыбы и томатов. Питательное и насыщающее — отличный выбор для выживания в суровых условиях.","Pożywne danie z ryżu, kurczaka, ryby i pomidorów. Syci i dostarcza energii – idealne do przetrwania w trudnych warunkach.","Un piatto sostanzioso con riso, pollo, pesce e pomodori. Nutriente e saziante, perfetto per sopravvivere in condizioni difficili.","Un plato sustancioso de arroz, pollo, pescado y tomate. Nutritivo y saciante, ideal para sobrevivir en condiciones difíciles.","Un plat copieux à base de riz, poulet, poisson et tomates. Nourrissant et rassasiant, parfait pour survivre en conditions difficiles.","由米饭、鸡肉、鱼和番茄制成的丰盛菜肴。营养丰富，填饱肚子，适合艰难环境下生存。","米、鶏肉、魚、トマトを使ったボリューム満点の料理。栄養豊富で満腹感があり、過酷な環境での生存に最適。","Um prato rico feito com arroz, frango, peixe e tomate. Nutritivo e satisfatório – ideal para sobreviver em condições difíceis.","由米饭、鸡肉、鱼和番茄制成的丰盛菜肴。营养丰富，填饱肚子，适合艰难环境下生存。",
"STR_CookZ_PaellaBox_Opened_DS","A rich dish of rice, chicken, fish, and tomatoes. Nutritious and filling—perfect for survival in harsh conditions. Eat up before it spoils.","A rich dish of rice, chicken, fish, and tomatoes. Nutritious and filling—perfect for survival in harsh conditions. Eat up before it spoils.","Syté jídlo z rýže, kuřete, ryby a rajčat. Výživné a zasytí – ideální pro přežití v drsných podmínkách. Snězte to, než se zkazí.","Ein reichhaltiges Gericht aus Reis, Huhn, Fisch und Tomaten. Nahrhaft und sättigend – perfekt zum Überleben unter harten Bedingungen. Nach dem Öffnen rasch verzehren.","Сытное блюдо из риса, курицы, рыбы и томатов. Питательное и насыщающее — отличный выбор для выживания в суровых условиях. Съешьте, пока не испортилось.","Pożywne danie z ryżu, kurczaka, ryby i pomidorów. Syci i dostarcza energii – idealne do przetrwania w trudnych warunkach. Zjedz, zanim się zepsuje.","Un piatto sostanzioso con riso, pollo, pesce e pomodori. Nutriente e saziante, perfetto per sopravvivere in condizioni difficili. Mangia prima che vada a male.","Un plato sustancioso de arroz, pollo, pescado y tomate. Nutritivo y saciante, ideal para sobrevivir en condiciones difíciles. Cómelo antes de que se estropee.","Un plat copieux à base de riz, poulet, poisson et tomates. Nourrissant et rassasiant, parfait pour survivre en conditions difficiles. Mangez avant que cela ne soit périmé.","由米饭、鸡肉、鱼和番茄制成的丰盛菜肴。营养丰富，填饱肚子，适合艰难环境下生存。 在变质之前吃掉。","米、鶏肉、魚、トマトを使ったボリューム満点の料理。栄養豊富で満腹感があり、過酷な環境での生存に最適。 腐る前に食べてください。","Um prato rico feito com arroz, frango, peixe e tomate. Nutritivo e satisfatório – ideal para sobreviver em condições difíceis. Coma antes que estrague.","由米饭、鸡肉、鱼和番茄制成的丰盛菜肴。营养丰富，填饱肚子，适合艰难环境下生存。 在变质之前吃掉。",
"STR_CookZ_BakedPotatoBeansBox_DN","Baked Potato with Beans","Baked Potato with Beans","Pečený brambor s fazolemi","Ofenkartoffel mit Bohnen","Печёный картофель с фасолью","Pieczony ziemniak z fasolą","Patata al Forno con Fagioli","Patata Asada con Frijoles","Pomme de Terre au Four avec Haricots","焗烤马铃薯配豆类","豆のベイクドポテト","Batata Assada com Feijão","焗烤土豆配豆子",
"STR_CookZ_BakedPotatoBeansBox_DS","A warm, hearty meal of baked potato topped with melted cheese and beans. High in calories—great for tough days in the wild.","A warm, hearty meal of baked potato topped with melted cheese and beans. High in calories—great for tough days in the wild.","Teplé, syté jídlo – pečený brambor se sýrem a fazolemi. Vysoký obsah kalorií – skvělé do těžkých podmínek v divočině.","Eine warme, herzhafte Mahlzeit aus Ofenkartoffel mit geschmolzenem Käse und Bohnen. Kalorienreich – ideal für harte Tage in der Wildnis.","Тёплое и сытное блюдо: печёный картофель с расплавленным сыром и фасолью. Калорийно — то, что нужно для выживания в дикой природе.","Ciepły, sycący posiłek z pieczonym ziemniakiem, roztopionym serem i fasolą. Dużo kalorii – świetny wybór na trudne dni w dziczy.","Un pasto caldo e sostanzioso con patata al forno, formaggio fuso e fagioli. Ricco di calorie – perfetto per giornate dure nella natura selvaggia.","Una comida caliente y contundente: patata asada con queso derretido y frijoles. Alta en calorías, ideal para sobrevivir en la naturaleza.","Un repas chaud et copieux à base de pomme de terre au four, fromage fondu et haricots. Riche en calories – parfait pour les jours difficiles dans la nature.","一份温暖又饱足的餐点，由焗烤马铃薯、起司与豆类组成。高热量，是在野外艰困日子的理想选择。","焼いたポテトにとろけるチーズと豆をのせた温かくボリューム満点の料理。高カロリーで過酷な環境に最適。","Uma refeição quente e robusta com batata assada, queijo derretido e feijão. Alta em calorias – ideal para dias difíceis na selva.","温暖又丰盛的餐食，由焗烤土豆、奶酪和豆子组成。高热量，非常适合野外生存的艰难时光。",
"STR_CookZ_BakedPotatoBeansBox_Opened_DS","A warm, hearty meal of baked potato topped with melted cheese and beans. High in calories—great for tough days in the wild. Eat up before it spoils.","A warm, hearty meal of baked potato topped with melted cheese and beans. High in calories—great for tough days in the wild. Eat up before it spoils.","Teplé, syté jídlo – pečený brambor se sýrem a fazolemi. Vysoký obsah kalorií – skvělé do těžkých podmínek v divočině. Snězte to, než se zkazí.","Eine warme, herzhafte Mahlzeit aus Ofenkartoffel mit geschmolzenem Käse und Bohnen. Kalorienreich – ideal für harte Tage in der Wildnis. Nach dem Öffnen rasch verzehren.","Тёплое и сытное блюдо: печёный картофель с расплавленным сыром и фасолью. Калорийно — то, что нужно для выживания в дикой природе. Съешьте, пока не испортилось.","Ciepły, sycący posiłek z pieczonym ziemniakiem, roztopionym serem i fasolą. Dużo kalorii – świetny wybór na trudne dni w dziczy. Zjedz, zanim się zepsuje.","Un pasto caldo e sostanzioso con patata al forno, formaggio fuso e fagioli. Ricco di calorie – perfetto per giornate dure nella natura selvaggia. Mangia prima che vada a male.","Una comida caliente y contundente: patata asada con queso derretido y frijoles. Alta en calorías, ideal para sobrevivir en la naturaleza. Cómelo antes de que se estropee.","Un repas chaud et copieux à base de pomme de terre au four, fromage fondu et haricots. Riche en calories – parfait pour les jours difficiles dans la nature. Mangez avant que cela ne soit périmé.","一份温暖又饱足的餐点，由焗烤马铃薯、起司与豆类组成。高热量，是在野外艰困日子的理想选择。 在变质之前吃掉。","焼いたポテトにとろけるチーズと豆をのせた温かくボリューム満点の料理。高カロリーで過酷な環境に最適。 腐る前に食べてください。","Uma refeição quente e robusta com batata assada, queijo derretido e feijão. Alta em calorias – ideal para dias difíceis na selva. Coma antes que estrague.","温暖又丰盛的餐食，由焗烤土豆、奶酪和豆子组成。高热量，非常适合野外生存的艰难时光。 在变质之前吃掉。",
"STR_CookZ_RiceALaMaltaBox_DN","Rice à la Malta","Rice à la Malta","Rýže à la Malta","Reis à la Malta","Рис а-ля Мальта","Ryż à la Malta","Riso à la Malta","Arroz à la Malta","Riz à la Malta","马尔他米布丁","ライス・ア・ラ・マルタ","Arroz à la Malta","马尔他米布丁",
"STR_CookZ_RiceALaMaltaBox_DS","A creamy dessert made from milk rice and topped with sweet strawberry jam. Comforting and energy-rich—a welcome treat after a long day.","A creamy dessert made from milk rice and topped with sweet strawberry jam. Comforting and energy-rich—a welcome treat after a long day.","Krémový dezert z mléčné rýže s jahodovým džemem. Uklidňující a plný energie – zasloužená odměna po náročném dni.","Ein cremiges Dessert aus Milchreis mit süßer Erdbeermarmelade. Wohltuend und energiereich – eine willkommene Belohnung nach einem langen Tag.","Нежный десерт из молочного риса с клубничным вареньем. Утешает и заряжает энергией — отличное угощение после тяжёлого дня.","Kremowy deser z ryżu na mleku z dodatkiem słodkiego dżemu truskawkowego. Kojący i energetyczny – miła nagroda po trudnym dniu.","Un dessert cremoso a base di riso al latte con marmellata di fragole. Confortevole e ricco di energia – una delizia dopo una lunga giornata.","Un postre cremoso hecho con arroz con leche y mermelada de fresa. Reconfortante y energético, perfecto para recargar fuerzas.","Un dessert onctueux à base de riz au lait, nappé de confiture de fraises. Réconfortant et riche en énergie – une douce récompense après l'effort.","由牛奶炖煮的米饭制成，上面淋有草莓果酱的奶香甜点。安抚人心、充满能量，是辛苦一天后的美味犒赏。","ミルクライスに甘いイチゴジャムをのせたクリーミーなデザート。心が安らぎ、エネルギー補給にも最適なご褒美。","Uma sobremesa cremosa feita com arroz ao leite e cobertura de geleia de morango. Confortante e energética – um agrado bem-vindo após um dia duro.","用牛奶炖煮的米饭搭配草莓果酱制成的柔滑甜点。温暖人心、富含能量，是一天疲劳后的美好慰藉。",
"STR_CookZ_RiceALaMaltaBox_Opened_DS","A creamy dessert made from milk rice and topped with sweet strawberry jam. Comforting and energy-rich—a welcome treat after a long day. Eat up before it spoils.","A creamy dessert made from milk rice and topped with sweet strawberry jam. Comforting and energy-rich—a welcome treat after a long day. Eat up before it spoils.","Krémový dezert z mléčné rýže s jahodovým džemem. Uklidňující a plný energie – zasloužená odměna po náročném dni. Snězte to, než se zkazí.","Ein cremiges Dessert aus Milchreis mit süßer Erdbeermarmelade. Wohltuend und energiereich – eine willkommene Belohnung nach einem langen Tag. Nach dem Öffnen rasch verzehren.","Нежный десерт из молочного риса с клубничным вареньем. Утешает и заряжает энергией — отличное угощение после тяжёлого дня. Съешьте, пока не испортилось.","Kremowy deser z ryżu na mleku z dodatkiem słodkiego dżemu truskawkowego. Kojący i energetyczny – miła nagroda po trudnym dniu. Zjedz, zanim się zepsuje.","Un dessert cremoso a base di riso al latte con marmellata di fragole. Confortevole e ricco di energia – una delizia dopo una lunga giornata. Mangia prima che vada a male.","Un postre cremoso hecho con arroz con leche y mermelada de fresa. Reconfortante y energético, perfecto para recargar fuerzas. Cómelo antes de que se estropee.","Un dessert onctueux à base de riz au lait, nappé de confiture de fraises. Réconfortant et riche en énergie – une douce récompense après l'effort. Mangez avant que cela ne soit périmé.","由牛奶炖煮的米饭制成，上面淋有草莓果酱的奶香甜点。安抚人心、充满能量，是辛苦一天后的美味犒赏。 在变质之前吃掉。","ミルクライスに甘いイチゴジャムをのせたクリーミーなデザート。心が安らぎ、エネルギー補給にも最適なご褒美。 腐る前に食べてください。","Uma sobremesa cremosa feita com arroz ao leite e cobertura de geleia de morango. Confortante e energética – um agrado bem-vindo após um dia duro. Coma antes que estrague.","用牛奶炖煮的米饭搭配草莓果酱制成的柔滑甜点。温暖人心、富含能量，是一天疲劳后的美好慰藉。 在变质之前吃掉。",
"STR_CookZ_LeberkaeseBox_DN","Leberkäse","Leberkäse","Leberkäse","Leberkäse","Leberkäse","Leberkäse","Leberkäse","Leberkäse","Leberkäse","Leberkäse","Leberkäse","Leberkäse","Leberkäse",
"STR_CookZ_LeberkaeseBox_DS","A compact block of seasoned meat of unclear origin. Surprisingly good, undeniably filling - and easier to accept the less you think about it.","A compact block of seasoned meat of unclear origin. Surprisingly good, undeniably filling - and easier to accept the less you think about it.","Kompaktní blok kořeněného masa nejasného původu. Překvapivě dobrý, rozhodně sytý - a snazší přijmout, čím méně nad tím přemýšlíte.","Ein kompakter Block gewürztes Fleisch unklarer Herkunft. Erstaunlich gut, definitiv sättigend - und leichter zu akzeptieren, je weniger man darüber nachdenkt.","Компактный кусок приправленного мяса неясного происхождения. Удивительно вкусный и сытный - и легче принять, чем меньше об этом думаешь.","Kompaktowy blok przyprawionego mięsa o niejasnym pochodzeniu. Zaskakująco dobry i sycący - łatwiejszy do zaakceptowania, im mniej się nad tym zastanawiasz.","Un blocco compatto di carne condita di origine incerta. Sorprendentemente buono e decisamente saziante - più facile da accettare se non ci si pensa troppo.","Un bloque compacto de carne sazonada de origen incierto. Sorprendentemente bueno y saciante - más fácil de aceptar cuanto menos lo pienses.","Un bloc compact de viande assaisonnée d'origine incertaine. Étonnamment bon et nourrissant - plus facile à accepter quand on n'y pense pas trop.","一块来源不明的调味肉块。出奇地好吃又管饱 - 想得越少越容易接受。","出所不明の味付け肉のコンパクトな塊。意外と美味しくて満腹になる - 深く考えないほど受け入れやすい。","Um bloco compacto de carne temperada de origem incerta. Surpreendentemente bom e saciante - mais fácil de aceitar quanto menos se pensa nisso.","一块来源不明的调味肉块。出奇地好吃又管饱 - 想得越少越容易接受。",
"STR_CookZ_LeberkaeseBox_Opened_DS","A compact block of seasoned meat of unclear origin. Surprisingly good, undeniably filling - and easier to accept the less you think about it. Eat up before it spoils.","A compact block of seasoned meat of unclear origin. Surprisingly good, undeniably filling - and easier to accept the less you think about it. Eat up before it spoils.","Kompaktní blok kořeněného masa nejasného původu. Překvapivě dobrý, rozhodně sytý - a snazší přijmout, čím méně nad tím přemýšlíte. Snězte to, než se zkazí.","Ein kompakter Block gewürztes Fleisch unklarer Herkunft. Erstaunlich gut, definitiv sättigend - und leichter zu akzeptieren, je weniger man darüber nachdenkt. Nach dem Öffnen rasch verzehren.","Компактный кусок приправленного мяса неясного происхождения. Удивительно вкусный и сытный - и легче принять, чем меньше об этом думаешь. Съешьте, пока не испортилось.","Kompaktowy blok przyprawionego mięsa o niejasnym pochodzeniu. Zaskakująco dobry i sycący - łatwiejszy do zaakceptowania, im mniej się nad tym zastanawiasz. Zjedz, zanim się zepsuje.","Un blocco compatto di carne condita di origine incerta. Sorprendentemente buono e decisamente saziante - più facile da accettare se non ci si pensa troppo. Mangia prima che vada a male.","Un bloque compacto de carne sazonada de origen incierto. Sorprendentemente bueno y saciante - más fácil de aceptar cuanto menos lo pienses. Cómelo antes de que se estropee.","Un bloc compact de viande assaisonnée d'origine incertaine. Étonnamment bon et nourrissant - plus facile à accepter quand on n'y pense pas trop. Mangez avant que cela ne soit périmé.","一块来源不明的调味肉块。出奇地好吃又管饱 - 想得越少越容易接受。 在变质之前吃掉。","出所不明の味付け肉のコンパクトな塊。意外と美味しくて満腹になる - 深く考えないほど受け入れやすい。 腐る前に食べてください。","Um bloco compacto de carne temperada de origem incerta. Surpreendentemente bom e saciante - mais fácil de aceitar quanto menos se pensa nisso. Coma antes que estrague.","一块来源不明的调味肉块。出奇地好吃又管饱 - 想得越少越容易接受。 在变质之前吃掉。",
"STR_CookZ_HoneyGlazedVegetablesBox_DN","Honey-Glazed Vegetables","Honey-Glazed Vegetables","Zelenina v medové polevě","Gemüse in Honigglasur","Овощи в медовой глазури","Warzywa w miodowej glazurze","Verdure glassate al miele","Verduras glaseadas con miel","Légumes glacés au miel","蜂蜜糖渍蔬菜","はちみつグレーズ野菜","Legumes glaceados com mel","蜂蜜糖渍蔬菜",
"STR_CookZ_HoneyGlazedVegetablesBox_DS","Pumpkin, potatoes, and green bell pepper glazed in honey. Sweet, hearty, and just refined enough to forget where you are.","Pumpkin, potatoes, and green bell pepper glazed in honey. Sweet, hearty, and just refined enough to forget where you are.","Dýně, brambory a zelená paprika v medové polevě. Sladké, vydatné a dostatečně vytříbené, aby člověk na chvíli zapomněl, kde je.","Kürbis, Kartoffeln und grüne Paprika mit Honigglasur. Süß, herzhaft und gerade edel genug, um kurz zu vergessen, wo man ist.","Тыква, картофель и зелёный перец в медовой глазури. Сладко, сытно и достаточно изысканно, чтобы на время забыть, где ты находишься.","Dynia, ziemniaki i zielona papryka w miodowej glazurze. Słodkie, sycące i na tyle wykwintne, by na chwilę zapomnieć, gdzie się jest.","Zucca, patate e peperone verde glassati al miele. Dolci, sostanziosi e abbastanza raffinati da farti dimenticare dove ti trovi.","Calabaza, patatas y pimiento verde glaseados con miel. Dulce, sustancioso y lo bastante refinado como para olvidar por un momento dónde estás.","Citrouille, pommes de terre et poivron vert glacés au miel. Doux, nourrissant et suffisamment raffiné pour faire oublier où l'on se trouve.","南瓜、土豆和青椒裹上蜂蜜糖浆。香甜饱腹，精致得让人暂时忘记身处何地。","カボチャ、ジャガイモ、ピーマンをはちみつでグレーズした一品。甘くて食べ応えがあり、ここがどこか忘れさせてくれる程度には上品。","Abóbora, batatas e pimento verde glaceados com mel. Doce, substancial e refinado o suficiente para esquecer por um momento onde você está.","南瓜、土豆和青椒裹上蜂蜜糖浆。香甜饱腹，精致得让人暂时忘记身处何地。",
"STR_CookZ_HoneyGlazedVegetablesBox_Opened_DS","Pumpkin, potatoes, and green bell pepper glazed in honey. Sweet, hearty, and just refined enough to forget where you are. Eat up before it spoils.","Pumpkin, potatoes, and green bell pepper glazed in honey. Sweet, hearty, and just refined enough to forget where you are. Eat up before it spoils.","Dýně, brambory a zelená paprika v medové polevě. Sladké, vydatné a dostatečně vytříbené, aby člověk na chvíli zapomněl, kde je. Snězte to, než se zkazí.","Kürbis, Kartoffeln und grüne Paprika mit Honigglasur. Süß, herzhaft und gerade edel genug, um kurz zu vergessen, wo man ist. Nach dem Öffnen rasch verzehren.","Тыква, картофель и зелёный перец в медовой глазури. Сладко, сытно и достаточно изысканно, чтобы на время забыть, где ты находишься. Съешьте, пока не испортилось.","Dynia, ziemniaki i zielona papryka w miodowej glazurze. Słodkie, sycące i na tyle wykwintne, by na chwilę zapomnieć, gdzie się jest. Zjedz, zanim się zepsuje.","Zucca, patate e peperone verde glassati al miele. Dolci, sostanziosi e abbastanza raffinati da farti dimenticare dove ti trovi. Mangia prima che vada a male.","Calabaza, patatas y pimiento verde glaseados con miel. Dulce, sustancioso y lo bastante refinado como para olvidar por un momento dónde estás. Cómelo antes de que se estropee.","Citrouille, pommes de terre et poivron vert glacés au miel. Doux, nourrissant et suffisamment raffiné pour faire oublier où l'on se trouve. Mangez avant que cela ne soit périmé.","南瓜、土豆和青椒裹上蜂蜜糖浆。香甜饱腹，精致得让人暂时忘记身处何地。 在变质之前吃掉。","カボチャ、ジャガイモ、ピーマンをはちみつでグレーズした一品。甘くて食べ応えがあり、ここがどこか忘れさせてくれる程度には上品。 腐る前に食べてください。","Abóbora, batatas e pimento verde glaceados com mel. Doce, substancial e refinado o suficiente para esquecer por um momento onde você está. Coma antes que estrague.","南瓜、土豆和青椒裹上蜂蜜糖浆。香甜饱腹，精致得让人暂时忘记身处何地。 在变质之前吃掉。",
"STR_CookZ_FlapjacksBox_DN","Flapjacks","Flapjacks","Flapjacks","Flapjacks","Flapjacks","Flapjacks","Flapjacks","Flapjacks","Flapjacks","Flapjacks","Flapjacks","Flapjacks","Flapjacks",
"STR_CookZ_FlapjacksBox_DS","Corn flakes and honey pressed into a dense slab. Not pretty, but efficient - exactly what you need when time isn’t on your side.","Corn flakes and honey pressed into a dense slab. Not pretty, but efficient - exactly what you need when time isn’t on your side.","Kukuřičné lupínky a med slisované do hutného bloku. Není to hezké, ale je to efektivní - přesně to, co potřebujete, když nemáte čas.","Cornflakes und Honig zu einer dichten Masse gepresst. Nicht schön, aber effizient - genau das, was man braucht, wenn die Zeit knapp wird.","Кукурузные хлопья и мёд, спрессованные в плотный брусок. Неказисто, но эффективно - именно то, что нужно, когда времени мало.","Płatki kukurydziane i miód sprasowane w gęsty blok. Niezbyt ładne, ale skuteczne - dokładnie to, czego potrzeba, gdy brakuje czasu.","Corn flakes e miele pressati in un blocco denso. Non belli, ma efficienti - esattamente ciò che serve quando il tempo è poco.","Copos de maíz y miel prensados en un bloque denso. No es bonito, pero es eficiente - justo lo que necesitas cuando el tiempo apremia.","Corn flakes et miel pressés en un bloc dense. Pas très beau, mais efficace - exactement ce qu’il faut quand le temps manque.","玉米片和蜂蜜压成的致密块状。不好看，但高效 - 当时间不站在你这边时正合适。","コーンフレークとはちみつを固く押し固めた塊。見た目は良くないが効率的 - 時間がないときにちょうどいい。","Flocos de milho e mel prensados em um bloco denso. Não é bonito, mas é eficiente - exatamente o que você precisa quando o tempo está contra você.","玉米片和蜂蜜压成的致密块状。不好看，但高效 - 当时间不站在你这边时正合适。",
"STR_CookZ_FlapjacksBox_Opened_DS","Corn flakes and honey pressed into a dense slab. Not pretty, but efficient - exactly what you need when time isn’t on your side. Eat up before it spoils.","Corn flakes and honey pressed into a dense slab. Not pretty, but efficient - exactly what you need when time isn’t on your side. Eat up before it spoils.","Kukuřičné lupínky a med slisované do hutného bloku. Není to hezké, ale je to efektivní - přesně to, co potřebujete, když nemáte čas. Snězte to, než se zkazí.","Cornflakes und Honig zu einer dichten Masse gepresst. Nicht schön, aber effizient - genau das, was man braucht, wenn die Zeit knapp wird. Nach dem Öffnen rasch verzehren.","Кукурузные хлопья и мёд, спрессованные в плотный брусок. Неказисто, но эффективно - именно то, что нужно, когда времени мало. Съешьте, пока не испортилось.","Płatki kukurydziane i miód sprasowane w gęsty blok. Niezbyt ładne, ale skuteczne - dokładnie to, czego potrzeba, gdy brakuje czasu. Zjedz, zanim się zepsuje.","Corn flakes e miele pressati in un blocco denso. Non belli, ma efficienti - esattamente ciò che serve quando il tempo è poco. Mangia prima che vada a male.","Copos de maíz y miel prensados en un bloque denso. No es bonito, pero es eficiente - justo lo que necesitas cuando el tiempo apremia. Cómelo antes de que se estropee.","Corn flakes et miel pressés en un bloc dense. Pas très beau, mais efficace - exactement ce qu’il faut quand le temps manque. Mangez avant que cela ne soit périmé.","玉米片和蜂蜜压成的致密块状。不好看，但高效 - 当时间不站在你这边时正合适。 在变质之前吃掉。","コーンフレークとはちみつを固く押し固めた塊。見た目は良くないが効率的 - 時間がないときにちょうどいい。 腐る前に食べてください。","Flocos de milho e mel prensados em um bloco denso. Não é bonito, mas é eficiente - exatamente o que você precisa quando o tempo está contra você. Coma antes que estrague.","玉米片和蜂蜜压成的致密块状。不好看，但高效 - 当时间不站在你这边时正合适。 在变质之前吃掉。",
"STR_CookZ_PumpkinBhartaBox_DN","Pumpkin Bharta","Pumpkin Bharta","Pumpkin Bharta","Pumpkin Bharta","Pumpkin Bharta","Pumpkin Bharta","Pumpkin Bharta","Pumpkin Bharta","Pumpkin Bharta","Pumpkin Bharta","Pumpkin Bharta","Pumpkin Bharta","Pumpkin Bharta",
"STR_CookZ_PumpkinBhartaBox_DS","A spiced mash of pumpkin, tomatoes, and green bell pepper. Warm, savory, and a welcome change from the usual.","A spiced mash of pumpkin, tomatoes, and green bell pepper. Warm, savory, and a welcome change from the usual.","Kořeněná kaše z dýně, rajčat a zelené papriky. Hřejivá, slaná a vítaná změna oproti běžné stravě.","Ein gewürztes Mus aus Kürbis, Tomaten und grüner Paprika. Warm, herzhaft und eine willkommene Abwechslung.","Пряное пюре из тыквы, томатов и зелёного перца. Тёплое, сытное и приятное разнообразие.","Przyprawiona pasta z dyni, pomidorów i zielonej papryki. Ciepła, wytrawna i miła odmiana od codzienności.","Una purea speziata di zucca, pomodori e peperone verde. Calda, saporita e una piacevole variazione.","Un puré especiado de calabaza, tomates y pimiento verde. Caliente, sabroso y una agradable variación.","Une purée épicée de citrouille, tomates et poivron vert. Chaude, savoureuse et un changement bienvenu.","由南瓜、番茄和青椒制成的香料泥。温暖可口，是日常之外的不错选择。","カボチャ、トマト、ピーマンを使ったスパイス風味のマッシュ。温かくて風味豊か、いつもと違う良い一品。","Um puré temperado de abóbora, tomates e pimento verde. Quente, saboroso e uma mudança bem-vinda.","由南瓜、番茄和青椒制成的香料泥。温暖可口，是日常之外的不错选择。",
"STR_CookZ_PumpkinBhartaBox_Opened_DS","A spiced mash of pumpkin, tomatoes, and green bell pepper. Warm, savory, and a welcome change from the usual. Eat up before it spoils.","A spiced mash of pumpkin, tomatoes, and green bell pepper. Warm, savory, and a welcome change from the usual. Eat up before it spoils.","Kořeněná kaše z dýně, rajčat a zelené papriky. Hřejivá, slaná a vítaná změna oproti běžné stravě. Snězte to, než se zkazí.","Ein gewürztes Mus aus Kürbis, Tomaten und grüner Paprika. Warm, herzhaft und eine willkommene Abwechslung. Nach dem Öffnen rasch verzehren.","Пряное пюре из тыквы, томатов и зелёного перца. Тёплое, сытное и приятное разнообразие. Съешьте, пока не испортилось.","Przyprawiona pasta z dyni, pomidorów i zielonej papryki. Ciepła, wytrawna i miła odmiana od codzienności. Zjedz, zanim się zepsuje.","Una purea speziata di zucca, pomodori e peperone verde. Calda, saporita e una piacevole variazione. Mangia prima che vada a male.","Un puré especiado de calabaza, tomates y pimiento verde. Caliente, sabroso y una agradable variación. Cómelo antes de que se estropee.","Une purée épicée de citrouille, tomates et poivron vert. Chaude, savoureuse et un changement bienvenu. Mangez avant que cela ne soit périmé.","由南瓜、番茄和青椒制成的香料泥。温暖可口，是日常之外的不错选择。 在变质之前吃掉。","カボチャ、トマト、ピーマンを使ったスパイス風味のマッシュ。温かくて風味豊か、いつもと違う良い一品。 腐る前に食べてください。","Um puré temperado de abóbora, tomates e pimento verde. Quente, saboroso e uma mudança bem-vinda. Coma antes que estrague.","由南瓜、番茄和青椒制成的香料泥。温暖可口，是日常之外的不错选择。 在变质之前吃掉。",
"STR_CookZ_PeachGoetterspeiseCan_DN","Wobbly Delight with Peaches","Wobbly Delight with Peaches","Želatinový dezert s broskvemi","Götterspeise mit Pfirsichen","Желе с персиками","Galaretka z brzoskwiniami","Gelatina con pesche","Gelatina con melocotones","Gelée aux pêches","蜜桃果冻","ピーチ入りゼリー","Gelatina com pêssegos","蜜桃果冻",
"STR_CookZ_PeachGoetterspeiseCan_DS","A strange, wobbling dessert made from colored gelatin and canned peaches. Unnaturally sweet, eerily cheerful—and oddly comforting when the world’s falling apart.","A strange, wobbling dessert made from colored gelatin and canned peaches. Unnaturally sweet, eerily cheerful—and oddly comforting when the world’s falling apart.","Podivný, třesoucí se dezert z barevné želatiny a konzervovaných broskví. Nepřirozeně sladký a znepokojivě veselý – ale překvapivě uklidňující v rozvráceném světě.","Ein seltsam wackelndes Dessert aus bunter Gelatine und Dosenpfirsichen. Unnatürlich süß, unheimlich fröhlich – und seltsam tröstlich, wenn alles zerfällt.","Странный дрожащий десерт из цветного желе и консервированных персиков. Неестественно сладкий, пугающе радостный — и неожиданно утешительный среди разрухи.","Dziwnie drgający deser z kolorowej galaretki i brzoskwiń z puszki. Nienaturalnie słodki, niepokojąco radosny – a jednak daje ukojenie w ruinach świata.","Uno strano dessert tremolante fatto di gelatina colorata e pesche sciroppate. Inquietantemente dolce, insolitamente allegro – ma sorprendentemente confortante nel caos.","Un extraño postre tembloroso hecho de gelatina de colores y melocotones enlatados. Inquietantemente dulce, anormalmente alegre—pero reconfortante en medio del colapso.","Un dessert étrange et ondulant à base de gélatine colorée et de pêches en conserve. Trop sucré, presque joyeux – mais rassurant au cœur du chaos.","由彩色果冻和罐头蜜桃制成的怪异甜点，诡异的甜味、异常的欢快——在崩塌世界中带来一丝安慰。","色付きゼラチンと缶詰ピーチでできた不思議なプルプルデザート。不自然な甘さと奇妙な陽気さ——崩壊した世界で、妙に心を落ち着かせてくれる。","Uma sobremesa estranha e trêmula feita com gelatina colorida e pêssegos em calda. Doce demais, assustadoramente alegre – e surpreendentemente reconfortante no meio do caos.","由彩色果冻和罐头蜜桃制成的奇怪甜点。甜得反常，诡异地欢乐——在崩溃的世界中意外带来慰藉。",
"STR_CookZ_PeachGoetterspeiseCan_Opened_DS","A strange, wobbling dessert made from colored gelatin and canned peaches. Unnaturally sweet, eerily cheerful—and oddly comforting when the world’s falling apart. Eat up before it spoils.","A strange, wobbling dessert made from colored gelatin and canned peaches. Unnaturally sweet, eerily cheerful—and oddly comforting when the world’s falling apart. Eat up before it spoils.","Podivný, třesoucí se dezert z barevné želatiny a konzervovaných broskví. Nepřirozeně sladký a znepokojivě veselý – ale překvapivě uklidňující v rozvráceném světě. Snězte to, než se zkazí.","Ein seltsam wackelndes Dessert aus bunter Gelatine und Dosenpfirsichen. Unnatürlich süß, unheimlich fröhlich – und seltsam tröstlich, wenn alles zerfällt. Nach dem Öffnen rasch verzehren.","Странный дрожащий десерт из цветного желе и консервированных персиков. Неестественно сладкий, пугающе радостный — и неожиданно утешительный среди разрухи. Съешьте, пока не испортилось.","Dziwnie drgający deser z kolorowej galaretki i brzoskwiń z puszki. Nienaturalnie słodki, niepokojąco radosny – a jednak daje ukojenie w ruinach świata. Zjedz, zanim się zepsuje.","Uno strano dessert tremolante fatto di gelatina colorata e pesche sciroppate. Inquietantemente dolce, insolitamente allegro – ma sorprendentemente confortante nel caos. Mangia prima che vada a male.","Un extraño postre tembloroso hecho de gelatina de colores y melocotones enlatados. Inquietantemente dulce, anormalmente alegre—pero reconfortante en medio del colapso. Cómelo antes de que se estropee.","Un dessert étrange et ondulant à base de gélatine colorée et de pêches en conserve. Trop sucré, presque joyeux – mais rassurant au cœur du chaos. Mangez avant que cela ne soit périmé.","由彩色果冻和罐头蜜桃制成的怪异甜点，诡异的甜味、异常的欢快——在崩塌世界中带来一丝安慰。 在变质之前吃掉。","色付きゼラチンと缶詰ピーチでできた不思議なプルプルデザート。不自然な甘さと奇妙な陽気さ——崩壊した世界で、妙に心を落ち着かせてくれる。 腐る前に食べてください。","Uma sobremesa estranha e trêmula feita com gelatina colorida e pêssegos em calda. Doce demais, assustadoramente alegre – e surpreendentemente reconfortante no meio do caos. Coma antes que estrague.","由彩色果冻和罐头蜜桃制成的奇怪甜点。甜得反常，诡异地欢乐——在崩溃的世界中意外带来慰藉。 在变质之前吃掉。",
"STR_CookZ_GoulashCan_DN","Goulash","Goulash","Guláš","Gulasch","Гуляш","Gulasz","Gulasch","Goulash","Goulash","炖肉","グラーシュ","Goulash","炖肉",
"STR_CookZ_GoulashCan_DS","A hearty dish with meat, potatoes, and bell peppers, slow-cooked to bring out the deep, comforting flavors.","A hearty dish with meat, potatoes, and bell peppers, slow-cooked to bring out the deep, comforting flavors.","Syté jídlo s masem, bramborami a paprikou, pomalu vařené, aby se projevily hluboké a útulné chutě.","Ein herzhaftes Gericht mit Fleisch, Kartoffeln und Paprika, langsam gekocht, um den vollen Geschmack zu entfalten und lange haltbar zu sein.","Сытное блюдо с мясом, картофелем и болгарским перцем, насыщенный мясной вкус с пряными нотками.","Syte danie z mięsem, ziemniakami i papryką, duszone na wolnym ogniu, aby uwolnić głębokie, pocieszające smaki.","Un piatto sostanzioso con carne, patate e peperoni, cotto lentamente per esaltare i sapori profondi e confortanti.","Un plato sustancioso con carne, patatas y pimientos, cocinado a fuego lento para resaltar los sabores profundos y reconfortantes.","Un plat copieux avec de la viande, des pommes de terre et des poivrons, cuit lentement pour faire ressortir les saveurs profondes et réconfortantes.","一款丰盛的菜肴，含有肉类、土豆和甜椒，慢炖以激发深沉舒适的味道。","肉、ジャガイモ、ピーマンを使ったボリュームのある料理で、深みのある快適な風味を引き出すためにゆっくりと調理されます。","Um prato substancioso com carne, batatas e pimentões, cozido lentamente para trazer à tona os sabores profundos e reconfortantes.","一款丰盛的菜肴，含有肉类、土豆和甜椒，慢炖以激发深沉舒适的味道。",
"STR_CookZ_GoulashCan_Opened_DS","A hearty dish with meat, potatoes, and bell peppers, slow-cooked to bring out the deep, comforting flavors. Eat up before it spoils.","A hearty dish with meat, potatoes, and bell peppers, slow-cooked to bring out the deep, comforting flavors. Eat up before it spoils.","Syté jídlo s masem, bramborami a paprikou, pomalu vařené, aby se projevily hluboké a útulné chutě. Snězte to, než se zkazí.","Ein herzhaftes Gericht mit Fleisch, Kartoffeln und Paprika, langsam gekocht, um den vollen Geschmack zu entfalten und lange haltbar zu sein. Nach dem Öffnen rasch verzehren.","Сытное блюдо с мясом, картофелем и болгарским перцем, насыщенный мясной вкус с пряными нотками. Съешьте, пока не испортилось.","Syte danie z mięsem, ziemniakami i papryką, duszone na wolnym ogniu, aby uwolnić głębokie, pocieszające smaki. Zjedz, zanim się zepsuje.","Un piatto sostanzioso con carne, patate e peperoni, cotto lentamente per esaltare i sapori profondi e confortanti. Mangia prima che vada a male.","Un plato sustancioso con carne, patatas y pimientos, cocinado a fuego lento para resaltar los sabores profundos y reconfortantes. Cómelo antes de que se estropee.","Un plat copieux avec de la viande, des pommes de terre et des poivrons, cuit lentement pour faire ressortir les saveurs profondes et réconfortantes. Mangez avant que cela ne soit périmé.","一款丰盛的菜肴，含有肉类、土豆和甜椒，慢炖以激发深沉舒适的味道。 在变质之前吃掉。","肉、ジャガイモ、ピーマンを使ったボリュームのある料理で、深みのある快適な風味を引き出すためにゆっくりと調理されます。 腐る前に食べてください。","Um prato substancioso com carne, batatas e pimentões, cozido lentamente para trazer à tona os sabores profundos e reconfortantes. Coma antes que estrague.","一款丰盛的菜肴，含有肉类、土豆和甜椒，慢炖以激发深沉舒适的味道。 在变质之前吃掉。",
"STR_CookZ_PumpkinSoupCan_DN","Pumpkin Soup","Pumpkin Soup","Dýňová polévka","Kürbissuppe","Тыквенный суп","Zupa dyniowa","Zuppa di zucca","Sopa de calabaza","Soupe de potiron","南瓜汤","かぼちゃスープ","Sopa de abóbora","南瓜汤",
"STR_CookZ_PumpkinSoupCan_DS","A smooth and creamy soup made from pumpkin, offering a comforting, slightly sweet flavor perfect for cooler days.","A smooth and creamy soup made from pumpkin, offering a comforting, slightly sweet flavor perfect for cooler days.","Hladká a krémová polévka z dýně, která nabízí pohodlnou, mírně sladkou chuť, ideální pro chladnější dny.","Eine cremige Suppe aus Kürbis, die einen angenehmen, leicht süßen Geschmack bietet – ideal für die kalte Jahreszeit.","Лёгкий и нежный суп, обладает аппетитной бархатистой текстурой. Имеет насыщенный приятный вкус, идеально подходящий для холодных дней.","Gładka i kremowa zupa z dyni, oferująca pocieszający, lekko słodkawy smak, idealna na chłodniejsze dni.","Una zuppa liscia e cremosa fatta con la zucca, che offre un sapore confortante e leggermente dolce, perfetto per i giorni più freddi.","Una sopa suave y cremosa hecha de calabaza, que ofrece un sabor reconfortante y ligeramente dulce, perfecto para los días más fríos.","Une soupe lisse et crémeuse à base de potiron, offrant une saveur réconfortante et légèrement sucrée, parfaite pour les jours plus frais.","一款顺滑浓郁的南瓜汤，带有舒适的微甜口味，非常适合寒冷的日子。","滑らかでクリーミーなかぼちゃのスープ、冷たい日々にぴったりの心地よくやや甘い風味。","Uma sopa suave e cremosa feita de abóbora, oferecendo um sabor reconfortante e ligeiramente doce, perfeito para dias mais frios.","一款顺滑浓郁的南瓜汤，带有舒适的微甜口味，非常适合寒冷的日子。",
"STR_CookZ_PumpkinSoupCan_Opened_DS","A smooth and creamy soup made from pumpkin, offering a comforting, slightly sweet flavor perfect for cooler days. Eat up before it spoils.","A smooth and creamy soup made from pumpkin, offering a comforting, slightly sweet flavor perfect for cooler days. Eat up before it spoils.","Hladká a krémová polévka z dýně, která nabízí pohodlnou, mírně sladkou chuť, ideální pro chladnější dny. Snězte to, než se zkazí.","Eine cremige Suppe aus Kürbis, die einen angenehmen, leicht süßen Geschmack bietet – ideal für die kalte Jahreszeit. Nach dem Öffnen rasch verzehren.","Лёгкий и нежный суп, обладает аппетитной бархатистой текстурой. Имеет насыщенный приятный вкус, идеально подходящий для холодных дней. Съешьте, пока не испортилось.","Gładka i kremowa zupa z dyni, oferująca pocieszający, lekko słodkawy smak, idealna na chłodniejsze dni. Zjedz, zanim się zepsuje.","Una zuppa liscia e cremosa fatta con la zucca, che offre un sapore confortante e leggermente dolce, perfetto per i giorni più freddi. Mangia prima che vada a male.","Una sopa suave y cremosa hecha de calabaza, que ofrece un sabor reconfortante y ligeramente dulce, perfecto para los días más fríos. Cómelo antes de que se estropee.","Une soupe lisse et crémeuse à base de potiron, offrant une saveur réconfortante et légèrement sucrée, parfaite pour les jours plus frais. Mangez avant que cela ne soit périmé.","一款顺滑浓郁的南瓜汤，带有舒适的微甜口味，非常适合寒冷的日子。 在变质之前吃掉。","滑らかでクリーミーなかぼちゃのスープ、冷たい日々にぴったりの心地よくやや甘い風味。 腐る前に食べてください。","Uma sopa suave e cremosa feita de abóbora, oferecendo um sabor reconfortante e ligeiramente doce, perfeito para dias mais frios. Coma antes que estrague.","一款顺滑浓郁的南瓜汤，带有舒适的微甜口味，非常适合寒冷的日子。 在变质之前吃掉。",
"STR_CookZ_FishSoupCan_DN","Fish Soup","Fish Soup","Rybí polévka","Fischsuppe","Рыбный суп","Zupa rybna","Zuppa di pesce","Sopa de pescado","Soupe de poisson","鱼汤","魚のスープ","Sopa de peixe","鱼汤",
"STR_CookZ_FishSoupCan_DS","A light and flavorful soup made with fish, potatoes, and tomatoes. A simple yet satisfying dish, perfect for a quick meal.","A light and flavorful soup made with fish, potatoes, and tomatoes. A simple yet satisfying dish, perfect for a quick meal.","Lehká a chutná polévka z ryb, brambor a rajčat. Jednoduché, ale uspokojivé jídlo, ideální pro rychlý oběd.","Eine leichte und geschmackvolle Suppe aus Fisch, Kartoffeln und Tomaten. Ein einfaches, aber sättigendes Gericht, ideal für eine schnelle Mahlzeit.","Легкий и вкусный суп из рыбы, картофеля и помидоров. Простое, но сытное блюдо, идеально подходящее для быстрого обеда.","Lekka i smaczna zupa z ryb, ziemniaków i pomidorów. Proste, ale sycące danie, idealne na szybki posiłek.","Una zuppa leggera e saporita a base di pesce, patate e pomodori. Un piatto semplice ma soddisfacente, perfetto per un pasto veloce.","Una sopa ligera y sabrosa hecha con pescado, patatas y tomates. Un plato sencillo pero satisfactorio, perfecto para una comida rápida.","Une soupe légère et savoureuse à base de poisson, pommes de terre et tomates. Un plat simple mais satisfaisant, parfait pour un repas rapide.","一款轻盈且美味的汤，包含鱼、土豆和番茄。简单却令人满足，完美适合快速餐点。","魚、ジャガイモ、トマトを使った軽くて風味豊かなスープ。シンプルで満足感のある料理で、素早い食事に最適です。","Uma sopa leve e saborosa feita com peixe, batatas e tomates. Um prato simples, mas satisfatório, perfeito para uma refeição rápida.","一款轻盈且美味的汤，包含鱼、土豆和番茄。简单却令人满足，完美适合快速餐点。",
"STR_CookZ_FishSoupCan_Opened_DS","A light and flavorful soup made with fish, potatoes, and tomatoes. A simple yet satisfying dish, perfect for a quick meal. Eat up before it spoils.","A light and flavorful soup made with fish, potatoes, and tomatoes. A simple yet satisfying dish, perfect for a quick meal. Eat up before it spoils.","Lehká a chutná polévka z ryb, brambor a rajčat. Jednoduché, ale uspokojivé jídlo, ideální pro rychlý oběd. Snězte to, než se zkazí.","Eine leichte und geschmackvolle Suppe aus Fisch, Kartoffeln und Tomaten. Ein einfaches, aber sättigendes Gericht, ideal für eine schnelle Mahlzeit. Nach dem Öffnen rasch verzehren.","Легкий и вкусный суп из рыбы, картофеля и помидоров. Простое, но сытное блюдо, идеально подходящее для быстрого обеда. Съешьте, пока не испортилось.","Lekka i smaczna zupa z ryb, ziemniaków i pomidorów. Proste, ale sycące danie, idealne na szybki posiłek. Zjedz, zanim się zepsuje.","Una zuppa leggera e saporita a base di pesce, patate e pomodori. Un piatto semplice ma soddisfacente, perfetto per un pasto veloce. Mangia prima che vada a male.","Una sopa ligera y sabrosa hecha con pescado, patatas y tomates. Un plato sencillo pero satisfactorio, perfecto para una comida rápida. Cómelo antes de que se estropee.","Une soupe légère et savoureuse à base de poisson, pommes de terre et tomates. Un plat simple mais satisfaisant, parfait pour un repas rapide. Mangez avant que cela ne soit périmé.","一款轻盈且美味的汤，包含鱼、土豆和番茄。简单却令人满足，完美适合快速餐点。 在变质之前吃掉。","魚、ジャガイモ、トマトを使った軽くて風味豊かなスープ。シンプルで満足感のある料理で、素早い食事に最適です。 腐る前に食べてください。","Uma sopa leve e saborosa feita com peixe, batatas e tomates. Um prato simples, mas satisfatório, perfeito para uma refeição rápida. Coma antes que estrague.","一款轻盈且美味的汤，包含鱼、土豆和番茄。简单却令人满足，完美适合快速餐点。 在变质之前吃掉。",
"STR_CookZ_UkhaCan_DN","Ukha","Ukha","Ukha","Ukha","Уха","Ukha","Ukha","Ukha","Ukha","乌哈汤","ウハスープ","Ukha","乌哈汤",
"STR_CookZ_UkhaCan_DS","A traditional fish soup made with fish, potatoes, and tomatoes, enhanced with a splash of alcohol for added depth and warmth.","A traditional fish soup made with fish, potatoes, and tomatoes, enhanced with a splash of alcohol for added depth and warmth.","Tradiční rybí polévka z ryb, brambor a rajčat, obohacená o kapku alkoholu pro větší hloubku a teplo.","Eine traditionelle Fischsuppe aus Fisch, Kartoffeln und Tomaten, verfeinert mit einem Schuss Alkohol für mehr Tiefe und Wärme.","Традиционный рыбный суп из рыбы, картофеля и помидоров, с добавлением алкоголя для глубины вкуса и согревающего эффекта.","Tradycyjna zupa rybna z ryb, ziemniaków i pomidorów, wzbogacona o odrobinę alkoholu, aby dodać głębi i ciepła.","Una tradizionale zuppa di pesce con pesce, patate e pomodori, arricchita con un tocco di alcol per aggiungere profondità e calore.","Una sopa tradicional de pescado hecha con pescado, patatas y tomates, realzada con un toque de alcohol para darle más profundidad y calor.","Une soupe de poisson traditionnelle à base de poisson, pommes de terre et tomates, rehaussée d'une touche d'alcool pour plus de profondeur et de chaleur.","一款传统的鱼汤，包含鱼、土豆和番茄，加入一点酒精增添深度与温暖。","魚、ジャガイモ、トマトを使った伝統的な魚のスープ、アルコールを少し加えて深みと温かみを増しています。","Uma sopa tradicional de peixe feita com peixe, batatas e tomates, aprimorada com um toque de álcool para dar mais profundidade e calor.","一款传统的鱼汤，包含鱼、土豆和番茄，加入一点酒精增添深度与温暖。",
"STR_CookZ_UkhaCan_Opened_DS","A traditional fish soup made with fish, potatoes, and tomatoes, enhanced with a splash of alcohol for added depth and warmth. Eat up before it spoils.","A traditional fish soup made with fish, potatoes, and tomatoes, enhanced with a splash of alcohol for added depth and warmth. Eat up before it spoils.","Tradiční rybí polévka z ryb, brambor a rajčat, obohacená o kapku alkoholu pro větší hloubku a teplo. Snězte to, než se zkazí.","Eine traditionelle Fischsuppe aus Fisch, Kartoffeln und Tomaten, verfeinert mit einem Schuss Alkohol für mehr Tiefe und Wärme. Nach dem Öffnen rasch verzehren.","Традиционный рыбный суп из рыбы, картофеля и помидоров, с добавлением алкоголя для глубины вкуса и согревающего эффекта. Съешьте, пока не испортилось.","Tradycyjna zupa rybna z ryb, ziemniaków i pomidorów, wzbogacona o odrobinę alkoholu, aby dodać głębi i ciepła. Zjedz, zanim się zepsuje.","Una tradizionale zuppa di pesce con pesce, patate e pomodori, arricchita con un tocco di alcol per aggiungere profondità e calore. Mangia prima che vada a male.","Una sopa tradicional de pescado hecha con pescado, patatas y tomates, realzada con un toque de alcohol para darle más profundidad y calor. Cómelo antes de que se estropee.","Une soupe de poisson traditionnelle à base de poisson, pommes de terre et tomates, rehaussée d'une touche d'alcool pour plus de profondeur et de chaleur. Mangez avant que cela ne soit périmé.","一款传统的鱼汤，包含鱼、土豆和番茄，加入一点酒精增添深度与温暖。 在变质之前吃掉。","魚、ジャガイモ、トマトを使った伝統的な魚のスープ、アルコールを少し加えて深みと温かみを増しています。 腐る前に食べてください。","Uma sopa tradicional de peixe feita com peixe, batatas e tomates, aprimorada com um toque de álcool para dar mais profundidade e calor. Coma antes que estrague.","一款传统的鱼汤，包含鱼、土豆和番茄，加入一点酒精增添深度与温暖。 在变质之前吃掉。",
"STR_CookZ_LecsoCan_DN","Lecso","Lecso","Lecso","Letscho","Лечо","Lecso","Lecso","Lecso","Lecso","莱茨佐","レチョ","Lecso","莱茨佐",
"STR_CookZ_LecsoCan_DS","A simple, flavorful dish made with bell peppers and tomatoes, cooked together to create a fresh, comforting stew.","A simple, flavorful dish made with bell peppers and tomatoes, cooked together to create a fresh, comforting stew.","Jednoduché, chutné jídlo z papriky a rajčat, vařené společně, aby vytvořilo čerstvý, útulný guláš.","Ein einfaches, schmackhaftes Gericht aus Paprika und Tomaten, zusammen gekocht zu einem frischen, herzhaften Eintopf.","Лечо в меру сладкий, с натуральным вкусом перца и помидоров. Очень вкусная закуска.","Proste, smaczne danie z papryki i pomidorów, gotowane razem, tworzy świeży, pocieszający gulasz.","Un piatto semplice e saporito preparato con peperoni e pomodori, cotti insieme per creare uno stufato fresco e confortante.","Un plato simple y sabroso hecho con pimientos y tomates, cocidos juntos para crear un guiso fresco y reconfortante.","Un plat simple et savoureux à base de poivrons et de tomates, cuits ensemble pour créer un ragoût frais et réconfortant.","一道简单又美味的菜肴，由甜椒和番茄制成，炖煮在一起，创造出一锅新鲜、舒适的炖菜。","シンプルで風味豊かな料理で、ピーマンとトマトを一緒に煮込んで、新鮮で心地よいシチューを作ります。","Um prato simples e saboroso feito com pimentões e tomates, cozido junto para criar um guisado fresco e reconfortante.","一道简单又美味的菜肴，由甜椒和番茄制成，炖煮在一起，创造出一锅新鲜、舒适的炖菜。",
"STR_CookZ_LecsoCan_Opened_DS","A simple, flavorful dish made with bell peppers and tomatoes, cooked together to create a fresh, comforting stew. Eat up before it spoils.","A simple, flavorful dish made with bell peppers and tomatoes, cooked together to create a fresh, comforting stew. Eat up before it spoils.","Jednoduché, chutné jídlo z papriky a rajčat, vařené společně, aby vytvořilo čerstvý, útulný guláš. Snězte to, než se zkazí.","Ein einfaches, schmackhaftes Gericht aus Paprika und Tomaten, zusammen gekocht zu einem frischen, herzhaften Eintopf. Nach dem Öffnen rasch verzehren.","Лечо в меру сладкий, с натуральным вкусом перца и помидоров. Очень вкусная закуска. Съешьте, пока не испортилось.","Proste, smaczne danie z papryki i pomidorów, gotowane razem, tworzy świeży, pocieszający gulasz. Zjedz, zanim się zepsuje.","Un piatto semplice e saporito preparato con peperoni e pomodori, cotti insieme per creare uno stufato fresco e confortante. Mangia prima che vada a male.","Un plato simple y sabroso hecho con pimientos y tomates, cocidos juntos para crear un guiso fresco y reconfortante. Cómelo antes de que se estropee.","Un plat simple et savoureux à base de poivrons et de tomates, cuits ensemble pour créer un ragoût frais et réconfortant. Mangez avant que cela ne soit périmé.","一道简单又美味的菜肴，由甜椒和番茄制成，炖煮在一起，创造出一锅新鲜、舒适的炖菜。 在变质之前吃掉。","シンプルで風味豊かな料理で、ピーマンとトマトを一緒に煮込んで、新鮮で心地よいシチューを作ります。 腐る前に食べてください。","Um prato simples e saboroso feito com pimentões e tomates, cozido junto para criar um guisado fresco e reconfortante. Coma antes que estrague.","一道简单又美味的菜肴，由甜椒和番茄制成，炖煮在一起，创造出一锅新鲜、舒适的炖菜。 在变质之前吃掉。",
"STR_CookZ_MysteryMeatCan_DN","Mystery Meat","Mystery Meat","Tajemné maso","Fleischgemisch Deluxe","Таинственное мясо","Tajemnicze mięso","Carne misteriosa","Carne misteriosa","Viande mystérieuse","神秘肉","ミステリーミート","Carne misteriosa","神秘肉",
"STR_CookZ_MysteryMeatCan_DS","A processed meat blend with a distinct, savory flavor and hearty texture. It’s simple, filling, and perfect for a quick meal.","A processed meat blend with a distinct, savory flavor and hearty texture. It’s simple, filling, and perfect for a quick meal.","Míchané zpracované maso s výraznou, slanou chutí a sytou texturou. Jednoduché, syté a ideální pro rychlý oběd.","Eine Mischung aus verarbeitetem Fleisch mit einem markanten, herzhaften Geschmack und einer kräftigen Textur. Einfach, sättigend und perfekt für eine schnelle Mahlzeit.","Смесь обработанного мяса с ярким, соленым вкусом и плотной текстурой. Простое, сытное и идеально подходящее для быстрого обеда.","Mieszanka przetworzonego mięsa o wyrazistym, słonym smaku i sycącej teksturze. Proste, sycące i idealne na szybki posiłek.","Una miscela di carne lavorata con un sapore salato e una consistenza sostanziosa. È semplice, saziante e perfetta per un pasto veloce.","Una mezcla de carne procesada con un sabor salado y una textura sustanciosa. Es simple, saciante y perfecta para una comida rápida.","Un mélange de viande transformée avec une saveur salée distincte et une texture nourrissante. C'est simple, rassasiant et parfait pour un repas rapide.","一种加工过的肉类混合物，具有独特的咸味和丰富的口感。简单、饱腹，非常适合快速餐点。","独特な塩味と豊かな食感を持つ加工肉のブレンド。シンプルで満腹感があり、素早い食事に最適です。","Uma mistura de carne processada com um sabor salgado distinto e uma textura substancial. É simples, satisfatório e perfeito para uma refeição rápida.","一种加工过的肉类混合物，具有独特的咸味和丰富的口感。简单、饱腹，非常适合快速餐点。",
"STR_CookZ_MysteryMeatCan_Opened_DS","A processed meat blend with a distinct, savory flavor and hearty texture. It’s simple, filling, and perfect for a quick meal. Eat up before it spoils.","A processed meat blend with a distinct, savory flavor and hearty texture. It’s simple, filling, and perfect for a quick meal. Eat up before it spoils.","Míchané zpracované maso s výraznou, slanou chutí a sytou texturou. Jednoduché, syté a ideální pro rychlý oběd. Snězte to, než se zkazí.","Eine Mischung aus verarbeitetem Fleisch mit einem markanten, herzhaften Geschmack und einer kräftigen Textur. Einfach, sättigend und perfekt für eine schnelle Mahlzeit. Nach dem Öffnen rasch verzehren.","Смесь обработанного мяса с ярким, соленым вкусом и плотной текстурой. Простое, сытное и идеально подходящее для быстрого обеда. Съешьте, пока не испортилось.","Mieszanka przetworzonego mięsa o wyrazistym, słonym smaku i sycącej teksturze. Proste, sycące i idealne na szybki posiłek. Zjedz, zanim się zepsuje.","Una miscela di carne lavorata con un sapore salato e una consistenza sostanziosa. È semplice, saziante e perfetta per un pasto veloce. Mangia prima che vada a male.","Una mezcla de carne procesada con un sabor salado y una textura sustanciosa. Es simple, saciante y perfecta para una comida rápida. Cómelo antes de que se estropee.","Un mélange de viande transformée avec une saveur salée distincte et une texture nourrissante. C'est simple, rassasiant et parfait pour un repas rapide. Mangez avant que cela ne soit périmé.","一种加工过的肉类混合物，具有独特的咸味和丰富的口感。简单、饱腹，非常适合快速餐点。 在变质之前吃掉。","独特な塩味と豊かな食感を持つ加工肉のブレンド。シンプルで満腹感があり、素早い食事に最適です。 腐る前に食べてください。","Uma mistura de carne processada com um sabor salgado distinto e uma textura substancial. É simples, satisfatório e perfeito para uma refeição rápida. Coma antes que estrague.","一种加工过的肉类混合物，具有独特的咸味和丰富的口感。简单、饱腹，非常适合快速餐点。 在变质之前吃掉。",
"STR_CookZ_ZucchiniCaviarCan_DN","Zucchini Caviar","Zucchini Caviar","Caviar z cukety","Zucchini-Kaviar","Икра кабачковая","Kawior z cukinii","Caviale di zucchine","Caviar de calabacín","Caviar de courgettes","西葫芦鱼子酱","ズッキーニキャビア","Caviar de abobrinha","西葫芦鱼子酱",
"STR_CookZ_ZucchiniCaviarCan_DS","A veggie-based caviar made from zucchini, offering a fresh and earthy twist on the classic delicacy. Perfect as a garnish or spread.","A veggie-based caviar made from zucchini, offering a fresh and earthy twist on the classic delicacy. Perfect as a garnish or spread.","Zeleninový kaviár z cukety, který přináší čerstvý a zemitý twist na klasickou pochoutku. Ideální jako příloha nebo pomazánka.","Ein Kaviar aus Zucchini, der einen frischen, geschmackvollen Twist auf das klassische Gericht bringt. Ideal als Beilage oder Aufstrich.","Обычная кабачковая икра. Идеально подходит как гарнир или намазка.","Kawior na bazie warzyw z cukinii, oferujący świeży i ziemisty twist klasycznego przysmaku. Idealny jako dodatek lub pasta.","Un caviar vegetale a base di zucchine, che offre una freschezza e una sfumatura terrosa sulla delicatessen classica. Perfetto come guarnizione o spalmato.","Un caviar vegetal hecho con calabacines, que ofrece un giro fresco y terroso de la delicadeza clásica. Perfecto como acompañamiento o para untar.","Un caviar à base de légumes, fait à partir de courgettes, offrant une touche fraîche et forestière à ce mets classique. Idéal en garniture ou à tartiner.","一种基于蔬菜的鱼子酱，由西葫芦制成，给经典的美味带来了新鲜且富有大地风味的转折。非常适合作为配菜或涂抹酱。","ズッキーニを使った野菜ベースのキャビアで、クラシックなデリカシーに新鮮で土っぽいひねりを加えています。ガーニッシュやスプレッドとして最適です。","Um caviar à base de legumes feito com abobrinha, oferecendo uma reviravolta fresca e terrosa na iguaria clássica. Perfeito como guarnição ou pasta.","一种基于蔬菜的鱼子酱，由西葫芦制成，给经典的美味带来了新鲜且富有大地风味的转折。非常适合作为配菜或涂抹酱。",
"STR_CookZ_ZucchiniCaviarCan_Opened_DS","A veggie-based caviar made from zucchini, offering a fresh and earthy twist on the classic delicacy. Perfect as a garnish or spread. Eat up before it spoils.","A veggie-based caviar made from zucchini, offering a fresh and earthy twist on the classic delicacy. Perfect as a garnish or spread. Eat up before it spoils.","Zeleninový kaviár z cukety, který přináší čerstvý a zemitý twist na klasickou pochoutku. Ideální jako příloha nebo pomazánka. Snězte to, než se zkazí.","Ein Kaviar aus Zucchini, der einen frischen, geschmackvollen Twist auf das klassische Gericht bringt. Ideal als Beilage oder Aufstrich. Nach dem Öffnen rasch verzehren.","Обычная кабачковая икра. Идеально подходит как гарнир или намазка. Съешьте, пока не испортилось.","Kawior na bazie warzyw z cukinii, oferujący świeży i ziemisty twist klasycznego przysmaku. Idealny jako dodatek lub pasta. Zjedz, zanim się zepsuje.","Un caviar vegetale a base di zucchine, che offre una freschezza e una sfumatura terrosa sulla delicatessen classica. Perfetto come guarnizione o spalmato. Mangia prima che vada a male.","Un caviar vegetal hecho con calabacines, que ofrece un giro fresco y terroso de la delicadeza clásica. Perfecto como acompañamiento o para untar. Cómelo antes de que se estropee.","Un caviar à base de légumes, fait à partir de courgettes, offrant une touche fraîche et forestière à ce mets classique. Idéal en garniture ou à tartiner. Mangez avant que cela ne soit périmé.","一种基于蔬菜的鱼子酱，由西葫芦制成，给经典的美味带来了新鲜且富有大地风味的转折。非常适合作为配菜或涂抹酱。 在变质之前吃掉。","ズッキーニを使った野菜ベースのキャビアで、クラシックなデリカシーに新鮮で土っぽいひねりを加えています。ガーニッシュやスプレッドとして最適です。 腐る前に食べてください。","Um caviar à base de legumes feito com abobrinha, oferecendo uma reviravolta fresca e terrosa na iguaria clássica. Perfeito como guarnição ou pasta. Coma antes que estrague.","一种基于蔬菜的鱼子酱，由西葫芦制成，给经典的美味带来了新鲜且富有大地风味的转折。非常适合作为配菜或涂抹酱。 在变质之前吃掉。",
"STR_CookZ_CreamyTomatoSoupCan_DN","Creamy Tomato Soup","Creamy Tomato Soup","Krémová rajčatová polévka","Tomatencremesuppe","Крем-суп из томатов","Kremowa zupa pomidorowa","Zuppa cremosa di pomodoro","Sopa cremosa de tomate","Soupe crémeuse à la tomate","奶油番茄汤","クリーミートマトスープ","Sopa cremosa de tomate","奶油番茄汤",
"STR_CookZ_CreamyTomatoSoupCan_DS","A smooth and velvety tomato soup, rich in flavor and perfectly creamy. Ideal for warming up on a chilly day.","A smooth and velvety tomato soup, rich in flavor and perfectly creamy. Ideal for warming up on a chilly day.","Hladká a sametová rajčatová polévka, bohatá na chuť a perfektně krémová. Ideální na zahřátí v chladném dni.","Eine cremige Tomatensuppe, die reich an Geschmack ist und perfekt zart daherkommt. Ideal, um sich an einem kühlen Tag zu wärmen.","Гладкий и бархатистый томатный суп, насыщенный вкусом и идеально кремовый. Идеально подходит для согрева в холодный день.","Gładka i aksamitna zupa pomidorowa, bogata w smak i idealnie kremowa. Idealna do rozgrzania w chłodny dzień.","Una zuppa di pomodoro liscia e vellutata, ricca di sapore e perfettamente cremosa. Ideale per riscaldarsi in una giornata fresca.","Una sopa de tomate suave y aterciopelada, rica en sabor y perfectamente cremosa. Ideal para calentarse en un día frío.","Une soupe de tomate lisse et veloutée, riche en saveur et parfaitement crémeuse. Idéale pour se réchauffer lors d'une journée froide.","一款光滑细腻、味道丰富的番茄汤，口感奶油般顺滑。非常适合在寒冷的日子里温暖身体。","滑らかでベルベットのようなトマトスープ、豊かな風味と完璧にクリーミー。寒い日に温まるのに最適です。","Uma sopa de tomate suave e aveludada, rica em sabor e perfeitamente cremosa. Ideal para se aquecer em um dia frio.","一款光滑细腻、味道丰富的番茄汤，口感奶油般顺滑。非常适合在寒冷的日子里温暖身体。",
"STR_CookZ_CreamyTomatoSoupCan_Opened_DS","A smooth and velvety tomato soup, rich in flavor and perfectly creamy. Ideal for warming up on a chilly day. Eat up before it spoils.","A smooth and velvety tomato soup, rich in flavor and perfectly creamy. Ideal for warming up on a chilly day. Eat up before it spoils.","Hladká a sametová rajčatová polévka, bohatá na chuť a perfektně krémová. Ideální na zahřátí v chladném dni. Snězte to, než se zkazí.","Eine cremige Tomatensuppe, die reich an Geschmack ist und perfekt zart daherkommt. Ideal, um sich an einem kühlen Tag zu wärmen. Nach dem Öffnen rasch verzehren.","Гладкий и бархатистый томатный суп, насыщенный вкусом и идеально кремовый. Идеально подходит для согрева в холодный день. Съешьте, пока не испортилось.","Gładka i aksamitna zupa pomidorowa, bogata w smak i idealnie kremowa. Idealna do rozgrzania w chłodny dzień. Zjedz, zanim się zepsuje.","Una zuppa di pomodoro liscia e vellutata, ricca di sapore e perfettamente cremosa. Ideale per riscaldarsi in una giornata fresca. Mangia prima che vada a male.","Una sopa de tomate suave y aterciopelada, rica en sabor y perfectamente cremosa. Ideal para calentarse en un día frío. Cómelo antes de que se estropee.","Une soupe de tomate lisse et veloutée, riche en saveur et parfaitement crémeuse. Idéale pour se réchauffer lors d'une journée froide. Mangez avant que cela ne soit périmé.","一款光滑细腻、味道丰富的番茄汤，口感奶油般顺滑。非常适合在寒冷的日子里温暖身体。 在变质之前吃掉。","滑らかでベルベットのようなトマトスープ、豊かな風味と完璧にクリーミー。寒い日に温まるのに最適です。 腐る前に食べてください。","Uma sopa de tomate suave e aveludada, rica em sabor e perfeitamente cremosa. Ideal para se aquecer em um dia frio. Coma antes que estrague.","一款光滑细腻、味道丰富的番茄汤，口感奶油般顺滑。非常适合在寒冷的日子里温暖身体。 在变质之前吃掉。",
"STR_CookZ_MushroomStroganoffCan_DN","Mushroom Stroganoff","Mushroom Stroganoff","Houbový Stroganoff","Pilz-Stroganoff","Грибной Строганов","Stroganoff z grzybami","Stroganoff ai funghi","Stroganoff de champiñones","Stroganoff aux champignons","蘑菇斯特罗根诺夫","キノコのストロガノフ","Stroganoff de cogumelos","蘑菇斯特罗根诺夫",
"STR_CookZ_MushroomStroganoffCan_DS","A delicious variation of Stroganoff, featuring mushrooms in a rich, creamy sauce. A satisfying and comforting dish for any occasion.","A delicious variation of Stroganoff, featuring mushrooms in a rich, creamy sauce. A satisfying and comforting dish for any occasion.","Delikátní variace na Stroganoff, kde jsou houby v bohaté krémové omáčce. Spokojené a pohodlné jídlo pro každou příležitost.","Eine köstliche Variation des Stroganoff, bei der Pilze in einer cremigen Sauce serviert werden. Ein sättigendes Gericht für jeden Anlass.","Вкусная вариация Строганова с грибами в богатом кремовом соусе. Приятное и вкусное блюдо для любого случая.","Pyszna wariacja Stroganoffa, w której grzyby znajdują się w bogatym, kremowym sosie. Satysfakcjonujące i komfortowe danie na każdą okazję.","Una deliziosa variazione dello Stroganoff, con funghi in una ricca e cremosa salsa. Un piatto soddisfacente e confortevole per ogni occasione.","Una deliciosa variación del Stroganoff, con champiñones en una rica salsa cremosa. Un plato satisfactorio y reconfortante para cualquier ocasión.","Une délicieuse variation du Stroganoff, avec des champignons dans une sauce crémeuse et riche. Un plat satisfaisant et réconfortant pour toutes les occasions.","美味的斯特罗根诺夫变种，蘑菇配上浓郁奶油酱汁。是任何场合下都令人满足和舒适的菜肴。","豊かなクリーミーソースでキノコを使った美味しいストロガノフのバリエーション。どんな場面でも満足でき、快適な料理です。","Uma deliciosa variação do Stroganoff, com cogumelos em um molho cremoso e rico. Um prato satisfatório e reconfortante para qualquer ocasião.","美味的斯特罗根诺夫变种，蘑菇配上浓郁奶油酱汁。是任何场合下都令人满足和舒适的菜肴。",
"STR_CookZ_MushroomStroganoffCan_Opened_DS","A delicious variation of Stroganoff, featuring mushrooms in a rich, creamy sauce. A satisfying and comforting dish for any occasion. Eat up before it spoils.","A delicious variation of Stroganoff, featuring mushrooms in a rich, creamy sauce. A satisfying and comforting dish for any occasion. Eat up before it spoils.","Delikátní variace na Stroganoff, kde jsou houby v bohaté krémové omáčce. Spokojené a pohodlné jídlo pro každou příležitost. Snězte to, než se zkazí.","Eine köstliche Variation des Stroganoff, bei der Pilze in einer cremigen Sauce serviert werden. Ein sättigendes Gericht für jeden Anlass. Nach dem Öffnen rasch verzehren.","Вкусная вариация Строганова с грибами в богатом кремовом соусе. Приятное и вкусное блюдо для любого случая. Съешьте, пока не испортилось.","Pyszna wariacja Stroganoffa, w której grzyby znajdują się w bogatym, kremowym sosie. Satysfakcjonujące i komfortowe danie na każdą okazję. Zjedz, zanim się zepsuje.","Una deliziosa variazione dello Stroganoff, con funghi in una ricca e cremosa salsa. Un piatto soddisfacente e confortevole per ogni occasione. Mangia prima che vada a male.","Una deliciosa variación del Stroganoff, con champiñones en una rica salsa cremosa. Un plato satisfactorio y reconfortante para cualquier ocasión. Cómelo antes de que se estropee.","Une délicieuse variation du Stroganoff, avec des champignons dans une sauce crémeuse et riche. Un plat satisfaisant et réconfortant pour toutes les occasions. Mangez avant que cela ne soit périmé.","美味的斯特罗根诺夫变种，蘑菇配上浓郁奶油酱汁。是任何场合下都令人满足和舒适的菜肴。 在变质之前吃掉。","豊かなクリーミーソースでキノコを使った美味しいストロガノフのバリエーション。どんな場面でも満足でき、快適な料理です。 腐る前に食べてください。","Uma deliciosa variação do Stroganoff, com cogumelos em um molho cremoso e rico. Um prato satisfatório e reconfortante para qualquer ocasião. Coma antes que estrague.","美味的斯特罗根诺夫变种，蘑菇配上浓郁奶油酱汁。是任何场合下都令人满足和舒适的菜肴。 在变质之前吃掉。",
"STR_CookZ_BeefStewCan_DN","Beef Stew","Beef Stew","Hovězí guláš","Rindfleischeintopf","Тушеная говядина","Gulasz wołowy","Stufato di manzo","Estofado de carne","Ragoût de boeuf","炖牛肉","ビーフシチュー","Ensopado de carne","炖牛肉",
"STR_CookZ_BeefStewCan_DS","A savory beef stew with chunks of meat, peppers, tomatoes, and potatoes, creating a comforting and satisfying dish.","A savory beef stew with chunks of meat, peppers, tomatoes, and potatoes, creating a comforting and satisfying dish.","Sytý hovězí guláš s kousky masa, paprikou, rajčaty a brambory, který vytváří pohodlné a uspokojivé jídlo.","Ein würziger Rindfleischeintopf mit Fleischstücken, Paprika, Tomaten und Kartoffeln, der ein wohltuendes und sättigendes Gericht ergibt.","Сытное тушеное мясо с перцем, помидорами и картофелем, вкусное и сытное блюдо.","Pyszny gulasz wołowy z kawałkami mięsa, papryką, pomidorami i ziemniakami, tworzący pocieszające i sycące danie.","Un gustoso stufato di manzo con pezzi di carne, peperoni, pomodori e patate, creando un piatto confortante e soddisfacente.","Un sabroso estofado de carne con trozos de carne, pimientos, tomates y patatas, creando un plato reconfortante y satisfactorio.","Un ragoût de boeuf savoureux avec des morceaux de viande, des poivrons, des tomates et des pommes de terre, créant un plat réconfortant et satisfaisant.","一道美味的炖牛肉，配有肉块、辣椒、番茄和土豆，创造出一个令人舒适和满足的菜肴。","肉の塊、ピーマン、トマト、ジャガイモを使った美味しいビーフシチュー。心地よく満足感のある料理です。","Um ensopado de carne saboroso com pedaços de carne, pimentões, tomates e batatas, criando um prato reconfortante e satisfatório.","一道美味的炖牛肉，配有肉块、辣椒、番茄和土豆，创造出一个令人舒适和满足的菜肴。",
"STR_CookZ_BeefStewCan_Opened_DS","A savory beef stew with chunks of meat, peppers, tomatoes, and potatoes, creating a comforting and satisfying dish. Eat up before it spoils.","A savory beef stew with chunks of meat, peppers, tomatoes, and potatoes, creating a comforting and satisfying dish. Eat up before it spoils.","Sytý hovězí guláš s kousky masa, paprikou, rajčaty a brambory, který vytváří pohodlné a uspokojivé jídlo. Snězte to, než se zkazí.","Ein würziger Rindfleischeintopf mit Fleischstücken, Paprika, Tomaten und Kartoffeln, der ein wohltuendes und sättigendes Gericht ergibt. Nach dem Öffnen rasch verzehren.","Сытное тушеное мясо с перцем, помидорами и картофелем, вкусное и сытное блюдо. Съешьте, пока не испортилось.","Pyszny gulasz wołowy z kawałkami mięsa, papryką, pomidorami i ziemniakami, tworzący pocieszające i sycące danie. Zjedz, zanim się zepsuje.","Un gustoso stufato di manzo con pezzi di carne, peperoni, pomodori e patate, creando un piatto confortante e soddisfacente. Mangia prima che vada a male.","Un sabroso estofado de carne con trozos de carne, pimientos, tomates y patatas, creando un plato reconfortante y satisfactorio. Cómelo antes de que se estropee.","Un ragoût de boeuf savoureux avec des morceaux de viande, des poivrons, des tomates et des pommes de terre, créant un plat réconfortant et satisfaisant. Mangez avant que cela ne soit périmé.","一道美味的炖牛肉，配有肉块、辣椒、番茄和土豆，创造出一个令人舒适和满足的菜肴。 在变质之前吃掉。","肉の塊、ピーマン、トマト、ジャガイモを使った美味しいビーフシチュー。心地よく満足感のある料理です。 腐る前に食べてください。","Um ensopado de carne saboroso com pedaços de carne, pimentões, tomates e batatas, criando um prato reconfortante e satisfatório. Coma antes que estrague.","一道美味的炖牛肉，配有肉块、辣椒、番茄和土豆，创造出一个令人舒适和满足的菜肴。 在变质之前吃掉。",
"STR_CookZ_BoneBrothCan_DN","Bone Broth","Bone Broth","Kostní vývar","Knochenbrühe","Костный бульон","Rosół kostny","Brodo di ossa","Caldo de huesos","Bouillon d'os","骨头汤","骨スープ","Caldo de ossos","骨头汤",
"STR_CookZ_BoneBrothCan_DS","A rich, savory broth created by simmering bones in water, resulting in a deep, flavorful liquid.","A rich, savory broth created by simmering bones in water, resulting in a deep, flavorful liquid.","Bohatý, chutný vývar vytvořený vařením kostí ve vodě, což vede k hluboké, aromatické tekutině.","Eine reichhaltige, herzhafte Brühe, die durch das Köcheln von Knochen in Wasser entsteht und einen tiefen, aromatischen Geschmack bietet.","Богатый, насыщенный бульон, приготовленный путем варки костей в воде, дающий глубокую, ароматную жидкость.","Bogaty, aromatyczny rosół stworzony przez gotowanie kości w wodzie, co daje głęboki, pełny smak.","Un brodo ricco e saporito creato facendo sobbollire le ossa in acqua, creando un liquido profondo e ricco di sapore.","Un caldo rico y sabroso creado al cocer huesos en agua, resultando en un líquido profundo y lleno de sabor.","Un bouillon riche et savoureux créé en faisant mijoter des os dans l'eau, donnant un liquide profond et plein de saveur.","一种通过将骨头在水中慢炖而成的浓郁汤底，形成深沉、富有风味的液体。","骨を水で煮込んで作られる豊かで旨味のあるスープ。深みのある、風味豊かな液体が得られます。","Um caldo rico e saboroso criado ao ferver ossos em água, resultando em um líquido profundo e cheio de sabor.","一种通过将骨头在水中慢炖而成的浓郁汤底，形成深沉、富有风味的液体。",
"STR_CookZ_BoneBrothCan_Opened_DS","A rich, savory broth created by simmering bones in water, resulting in a deep, flavorful liquid. Eat up before it spoils.","A rich, savory broth created by simmering bones in water, resulting in a deep, flavorful liquid. Eat up before it spoils.","Bohatý, chutný vývar vytvořený vařením kostí ve vodě, což vede k hluboké, aromatické tekutině. Snězte to, než se zkazí.","Eine reichhaltige, herzhafte Brühe, die durch das Köcheln von Knochen in Wasser entsteht und einen tiefen, aromatischen Geschmack bietet. Nach dem Öffnen rasch verzehren.","Богатый, насыщенный бульон, приготовленный путем варки костей в воде, дающий глубокую, ароматную жидкость. Съешьте, пока не испортилось.","Bogaty, aromatyczny rosół stworzony przez gotowanie kości w wodzie, co daje głęboki, pełny smak. Zjedz, zanim się zepsuje.","Un brodo ricco e saporito creato facendo sobbollire le ossa in acqua, creando un liquido profondo e ricco di sapore. Mangia prima che vada a male.","Un caldo rico y sabroso creado al cocer huesos en agua, resultando en un líquido profundo y lleno de sabor. Cómelo antes de que se estropee.","Un bouillon riche et savoureux créé en faisant mijoter des os dans l'eau, donnant un liquide profond et plein de saveur. Mangez avant que cela ne soit périmé.","一种通过将骨头在水中慢炖而成的浓郁汤底，形成深沉、富有风味的液体。 在变质之前吃掉。","骨を水で煮込んで作られる豊かで旨味のあるスープ。深みのある、風味豊かな液体が得られます。 腐る前に食べてください。","Um caldo rico e saboroso criado ao ferver ossos em água, resultando em um líquido profundo e cheio de sabor. Coma antes que estrague.","一种通过将骨头在水中慢炖而成的浓郁汤底，形成深沉、富有风味的液体。 在变质之前吃掉。",
"STR_CookZ_SpaghettiWithMeatballsCan_DN","Spaghetti with Meatballs","Spaghetti with Meatballs","Špagety s masovými kuličkami","Spaghetti mit Fleischbällchen","Спагетти с фрикадельками","Spaghetti z klopsikami","Spaghetti con Polpette","Espaguetis con Albóndigas","Spaghetti aux Boulettes","肉丸意大利面","スパゲッティとミートボール","Espaguete com Almôndegas","肉丸意大利面",
"STR_CookZ_SpaghettiWithMeatballsCan_DS","A comforting dish of pasta and savory meatballs, packed with energy to keep you going when supplies are scarce.","A comforting dish of pasta and savory meatballs, packed with energy to keep you going when supplies are scarce.","Uklidňující pokrm z těstovin a chutných masových kuliček, plný energie pro přežití, když zásoby docházejí.","Ein beruhigendes Gericht aus Pasta und herzhaften Fleischbällchen, voller Energie, um dich weiter zu bringen, wenn Vorräte knapp sind.","Сытное блюдо из макарон и ароматных фрикаделек, наполняющее энергией в условиях нехватки припасов.","Pocieszające danie z makaronu i aromatycznych klopsików, pełne energii, gdy zapasy się kurczą.","Un piatto confortante di pasta e polpette saporite, ricco di energia per sopravvivere quando le scorte scarseggiano.","Un plato reconfortante de pasta con albóndigas sabrosas, repleto de energía para cuando los suministros escasean.","Un plat réconfortant de pâtes et boulettes savoureuses, plein d'énergie pour survivre quand les ressources manquent.","由意面和美味肉丸组成的安慰餐，在物资稀缺时提供所需能量。","パスタと風味豊かなミートボールの温かい一皿。物資が乏しい時でも活力を保つ。","Um prato reconfortante de massa e almôndegas saborosas, repleto de energia para quando os suprimentos estão escassos.","由意面和美味肉丸组成的安慰餐，在物资稀缺时提供所需能量。",
"STR_CookZ_SpaghettiWithMeatballsCan_Opened_DS","A comforting dish of pasta and savory meatballs, packed with energy to keep you going when supplies are scarce. Eat up before it spoils.","A comforting dish of pasta and savory meatballs, packed with energy to keep you going when supplies are scarce. Eat up before it spoils.","Uklidňující pokrm z těstovin a chutných masových kuliček, plný energie pro přežití, když zásoby docházejí. Snězte to, než se zkazí.","Ein beruhigendes Gericht aus Pasta und herzhaften Fleischbällchen, voller Energie, um dich weiter zu bringen, wenn Vorräte knapp sind. Nach dem Öffnen rasch verzehren.","Сытное блюдо из макарон и ароматных фрикаделек, наполняющее энергией в условиях нехватки припасов. Съешьте, пока не испортилось.","Pocieszające danie z makaronu i aromatycznych klopsików, pełne energii, gdy zapasy się kurczą. Zjedz, zanim się zepsuje.","Un piatto confortante di pasta e polpette saporite, ricco di energia per sopravvivere quando le scorte scarseggiano. Mangia prima che vada a male.","Un plato reconfortante de pasta con albóndigas sabrosas, repleto de energía para cuando los suministros escasean. Cómelo antes de que se estropee.","Un plat réconfortant de pâtes et boulettes savoureuses, plein d'énergie pour survivre quand les ressources manquent. Mangez avant que cela ne soit périmé.","由意面和美味肉丸组成的安慰餐，在物资稀缺时提供所需能量。 在变质之前吃掉。","パスタと風味豊かなミートボールの温かい一皿。物資が乏しい時でも活力を保つ。 腐る前に食べてください。","Um prato reconfortante de massa e almôndegas saborosas, repleto de energia para quando os suprimentos estão escassos. Coma antes que estrague.","由意面和美味肉丸组成的安慰餐，在物资稀缺时提供所需能量。 在变质之前吃掉。",
"STR_CookZ_ChiliConCarneCan_DN","Chili Con Carne","Chili Con Carne","Chili con Carne","Chili con Carne","Чили кон карне","Chili con Carne","Chili con Carne","Chili con Carne","Chili con Carne","辣味炖肉","チリコンカン","Chili com Carne","辣味炖肉",
"STR_CookZ_ChiliConCarneCan_DS","A hearty mix of beans, ground meat, tomato, and green bell pepper, slow-cooked to create a rich, nourishing stew that fuels survival.","A hearty mix of beans, ground meat, tomato, and green bell pepper, slow-cooked to create a rich, nourishing stew that fuels survival.","Sytá směs fazolí, mletého masa, rajčat a zelené papriky, pomalu vařená k vytvoření vydatného dušeného pokrmu pro přežití.","Eine herzhafte Mischung aus Bohnen, Hackfleisch, Tomaten und grüner Paprika, langsam gekocht, um einen kräftigen, nahrhaften Eintopf für das Überleben zu liefern.","Сытная смесь фасоли, фарша, томатов и зеленого перца, медленно приготовленная, чтобы создать насыщенное, питательное рагу для выживания.","Pożywna mieszanka fasoli, mielonego mięsa, pomidorów i zielonej papryki, gotowana na wolnym ogniu, aby stworzyć treściwy gulasz na przetrwanie.","Un sostanzioso mix di fagioli, carne macinata, pomodoro e peperone verde, cotto lentamente per creare uno stufato ricco e nutriente per la sopravvivenza.","Una mezcla contundente de frijoles, carne molida, tomate y pimiento verde, cocida lentamente para crear un guiso rico y nutritivo que ayuda a sobrevivir.","Un mélange copieux de haricots, viande hachée, tomate et poivron vert, mijoté lentement pour créer un ragoût riche et nourrissant pour survivre.","由豆类、碎肉、番茄和青椒慢炖而成的浓郁炖菜，为生存提供能量。","豆、ひき肉、トマト、そしてピーマンをじっくり煮込んだシチュー。生存のためのエネルギー源となる。","Uma mistura nutritiva de feijão, carne moída, tomate e pimentão verde, cozida lentamente para criar um ensopado rico que ajuda na sobrevivência.","由豆类、碎肉、番茄和青椒慢炖而成的浓郁炖菜，为生存提供能量。",
"STR_CookZ_ChiliConCarneCan_Opened_DS","A hearty mix of beans, ground meat, tomato, and green bell pepper, slow-cooked to create a rich, nourishing stew that fuels survival. Eat up before it spoils.","A hearty mix of beans, ground meat, tomato, and green bell pepper, slow-cooked to create a rich, nourishing stew that fuels survival. Eat up before it spoils.","Sytá směs fazolí, mletého masa, rajčat a zelené papriky, pomalu vařená k vytvoření vydatného dušeného pokrmu pro přežití. Snězte to, než se zkazí.","Eine herzhafte Mischung aus Bohnen, Hackfleisch, Tomaten und grüner Paprika, langsam gekocht, um einen kräftigen, nahrhaften Eintopf für das Überleben zu liefern. Nach dem Öffnen rasch verzehren.","Сытная смесь фасоли, фарша, томатов и зеленого перца, медленно приготовленная, чтобы создать насыщенное, питательное рагу для выживания. Съешьте, пока не испортилось.","Pożywna mieszanka fasoli, mielonego mięsa, pomidorów i zielonej papryki, gotowana na wolnym ogniu, aby stworzyć treściwy gulasz na przetrwanie. Zjedz, zanim się zepsuje.","Un sostanzioso mix di fagioli, carne macinata, pomodoro e peperone verde, cotto lentamente per creare uno stufato ricco e nutriente per la sopravvivenza. Mangia prima che vada a male.","Una mezcla contundente de frijoles, carne molida, tomate y pimiento verde, cocida lentamente para crear un guiso rico y nutritivo que ayuda a sobrevivir. Cómelo antes de que se estropee.","Un mélange copieux de haricots, viande hachée, tomate et poivron vert, mijoté lentement pour créer un ragoût riche et nourrissant pour survivre. Mangez avant que cela ne soit périmé.","由豆类、碎肉、番茄和青椒慢炖而成的浓郁炖菜，为生存提供能量。 在变质之前吃掉。","豆、ひき肉、トマト、そしてピーマンをじっくり煮込んだシチュー。生存のためのエネルギー源となる。 腐る前に食べてください。","Uma mistura nutritiva de feijão, carne moída, tomate e pimentão verde, cozida lentamente para criar um ensopado rico que ajuda na sobrevivência. Coma antes que estrague.","由豆类、碎肉、番茄和青椒慢炖而成的浓郁炖菜，为生存提供能量。 在变质之前吃掉。",
"STR_CookZ_AppleMarmaladeCan_DN","Apple Marmalade","Apple Marmalade","Jablečná marmeláda","Apfelmarmelade","Яблочное повидло","Marmolada jabłkowa","Marmellata di mele","Mermelada de manzana","Marmelade de pomme","苹果果酱","リンゴマーマレード","Marmelada de maçã","苹果果酱",
"STR_CookZ_AppleMarmaladeCan_DS","A sweet spread made from cooked apples, offering a mild, fruity flavor.","A sweet spread made from cooked apples, offering a mild, fruity flavor.","Sladký džem vyrobený z vařených jablek, který nabízí jemnou, ovocnou chuť.","Ein süßer Aufstrich aus gekochten Äpfeln, der einen milden, fruchtigen Geschmack bietet.","Сладкое повидло из яблок с мягким, фруктовым вкусом.","Słodki dżem z gotowanych jabłek o łagodnym, owocowym smaku.","Una dolce marmellata fatta con mele cotte, dal sapore delicato e fruttato.","Una dulce mermelada hecha con manzanas cocidas, ofreciendo un sabor suave y afrutado.","Une pâte à tartiner sucrée à base de pommes cuites, offrant une saveur douce et fruitée.","由煮熟的苹果制成的甜美果酱，带有温和的水果风味。","煮たリンゴから作られた甘いスプレッドで、穏やかなフルーティーな風味があります。","Uma doce geleia feita de maçãs cozidas, oferecendo um sabor suave e frutado.","由煮熟的苹果制成的甜美果酱，带有温和的水果风味。",
"STR_CookZ_AppleMarmaladeCan_Opened_DS","A sweet spread made from cooked apples, offering a mild, fruity flavor. Eat up before it spoils.","A sweet spread made from cooked apples, offering a mild, fruity flavor. Eat up before it spoils.","Sladký džem vyrobený z vařených jablek, který nabízí jemnou, ovocnou chuť. Snězte to, než se zkazí.","Ein süßer Aufstrich aus gekochten Äpfeln, der einen milden, fruchtigen Geschmack bietet. Nach dem Öffnen rasch verzehren.","Сладкое повидло из яблок с мягким, фруктовым вкусом. Съешьте, пока не испортилось.","Słodki dżem z gotowanych jabłek o łagodnym, owocowym smaku. Zjedz, zanim się zepsuje.","Una dolce marmellata fatta con mele cotte, dal sapore delicato e fruttato. Mangia prima che vada a male.","Una dulce mermelada hecha con manzanas cocidas, ofreciendo un sabor suave y afrutado. Cómelo antes de que se estropee.","Une pâte à tartiner sucrée à base de pommes cuites, offrant une saveur douce et fruitée. Mangez avant que cela ne soit périmé.","由煮熟的苹果制成的甜美果酱，带有温和的水果风味。 在变质之前吃掉。","煮たリンゴから作られた甘いスプレッドで、穏やかなフルーティーな風味があります。 腐る前に食べてください。","Uma doce geleia feita de maçãs cozidas, oferecendo um sabor suave e frutado. Coma antes que estrague.","由煮熟的苹果制成的甜美果酱，带有温和的水果风味。 在变质之前吃掉。",
"STR_CookZ_PlumMarmaladeCan_DN","Plum Marmalade","Plum Marmalade","Švestková marmeláda","Pflaumenmarmelade","Сливовый джем","Marmolada śliwkowa","Marmellata di prugne","Mermelada de ciruela","Marmelade de prunes","李子果酱","プラムマーマレード","Marmelada de ameixa","李子果酱",
"STR_CookZ_PlumMarmaladeCan_DS","A sweet, hearty spread made from plums, providing a strong fruity flavor and a good source of energy. It keeps well and lasts long.","A sweet, hearty spread made from plums, providing a strong fruity flavor and a good source of energy. It keeps well and lasts long.","Sladký, výživný džem z švestek, který nabízí silnou ovocnou chuť a je dobrým zdrojem energie. Dobře se uchovává a dlouho vydrží.","Ein süßer, nahrhafter Aufstrich aus Pflaumen, der einen kräftigen Fruchtgeschmack bietet und lange haltbar ist.","Сладкий нежный джем из вареных слив с ароматным, фруктовым вкусом.","Słodka, pożywna marmolada ze śliwek, oferująca silny owocowy smak i będąca dobrym źródłem energii. Dobrze się przechowuje i długo trwa.","Una dolce e nutriente marmellata di prugne, che offre un forte sapore fruttato e una buona fonte di energia. Si conserva bene e dura a lungo.","Una dulce y nutritiva mermelada de ciruelas, que ofrece un fuerte sabor afrutado y una buena fuente de energía. Se conserva bien y dura mucho tiempo.","Une pâte à tartiner douce et nourrissante faite de prunes, offrant un goût fruité fort et une bonne source d'énergie. Se conserve bien et dure longtemps.","由李子制成的甜美且营养丰富的果酱，提供浓烈的水果风味和丰富的能量来源。它能很好地保存并持久。","プラムから作られた甘くて栄養豊富なスプレッドで、強いフルーティーな風味とエネルギー源を提供します。保存が良好で長持ちします。","Uma doce e nutritiva marmelada de ameixa, oferecendo um sabor frutado forte e uma boa fonte de energia. Conservar bem e dura muito tempo.","由李子制成的甜美且营养丰富的果酱，提供浓烈的水果风味和丰富的能量来源。它能很好地保存并持久。",
"STR_CookZ_PlumMarmaladeCan_Opened_DS","A sweet, hearty spread made from plums, providing a strong fruity flavor and a good source of energy. It keeps well and lasts long. Eat up before it spoils.","A sweet, hearty spread made from plums, providing a strong fruity flavor and a good source of energy. It keeps well and lasts long. Eat up before it spoils.","Sladký, výživný džem z švestek, který nabízí silnou ovocnou chuť a je dobrým zdrojem energie. Dobře se uchovává a dlouho vydrží. Snězte to, než se zkazí.","Ein süßer, nahrhafter Aufstrich aus Pflaumen, der einen kräftigen Fruchtgeschmack bietet und lange haltbar ist. Nach dem Öffnen rasch verzehren.","Сладкий нежный джем из вареных слив с ароматным, фруктовым вкусом. Съешьте, пока не испортилось.","Słodka, pożywna marmolada ze śliwek, oferująca silny owocowy smak i będąca dobrym źródłem energii. Dobrze się przechowuje i długo trwa. Zjedz, zanim się zepsuje.","Una dolce e nutriente marmellata di prugne, che offre un forte sapore fruttato e una buona fonte di energia. Si conserva bene e dura a lungo. Mangia prima che vada a male.","Una dulce y nutritiva mermelada de ciruelas, que ofrece un fuerte sabor afrutado y una buena fuente de energía. Se conserva bien y dura mucho tiempo. Cómelo antes de que se estropee.","Une pâte à tartiner douce et nourrissante faite de prunes, offrant un goût fruité fort et une bonne source d'énergie. Se conserve bien et dure longtemps. Mangez avant que cela ne soit périmé.","由李子制成的甜美且营养丰富的果酱，提供浓烈的水果风味和丰富的能量来源。它能很好地保存并持久。 在变质之前吃掉。","プラムから作られた甘くて栄養豊富なスプレッドで、強いフルーティーな風味とエネルギー源を提供します。保存が良好で長持ちします。 腐る前に食べてください。","Uma doce e nutritiva marmelada de ameixa, oferecendo um sabor frutado forte e uma boa fonte de energia. Conservar bem e dura muito tempo. Coma antes que estrague.","由李子制成的甜美且营养丰富的果酱，提供浓烈的水果风味和丰富的能量来源。它能很好地保存并持久。 在变质之前吃掉。",
"STR_CookZ_PearMarmaladeCan_DN","Pear Marmalade","Pear Marmalade","Hrušková marmeláda","Birnenmarmelade","Грушевое варенье","Marmolada gruszkowa","Marmellata di pere","Mermelada de pera","Marmelade de poire","梨子果酱","ペアマーマレード","Marmelada de pera","梨子果酱",
"STR_CookZ_PearMarmaladeCan_DS","A sweet spread made from pears, offering a smooth flavor with a subtle fruitiness, and it stores well for long periods.","A sweet spread made from pears, offering a smooth flavor with a subtle fruitiness, and it stores well for long periods.","Sladký džem z hrušek, který nabízí jemnou chuť s náznakem ovocnosti a dobře se uchovává na dlouhou dobu.","Ein süßer Aufstrich aus Birnen, der einen milden, fruchtigen Geschmack bietet und gut lagerbar ist.","Сладкая паста из груш, предлагающая мягкий вкус с легкой фруктовой ноткой, хорошо хранится длительное время.","Słodki dżem z gruszek, oferujący gładki smak z subtelną owocowością i dobrze się przechowuje przez długi czas.","Una dolce marmellata fatta con pere, che offre un sapore morbido con una sottile fruttosità, e si conserva bene per lunghi periodi.","Una dulce mermelada hecha con peras, ofreciendo un sabor suave con una sutileza afrutada, y se conserva bien durante mucho tiempo.","Une pâte à tartiner sucrée à base de poires, offrant une saveur douce avec une subtile touche fruitée, et se conserve bien pendant longtemps.","由梨子制成的甜美果酱，提供柔和的风味和微妙的水果味，并且能够长时间保存。","梨から作られた甘いスプレッドで、滑らかな風味と微妙なフルーティーさがあり、長期間保存できます。","Uma doce geleia feita de peras, oferecendo um sabor suave com uma sutileza frutada, e conserva-se bem por longos períodos.","由梨子制成的甜美果酱，提供柔和的风味和微妙的水果味，并且能够长时间保存。",
"STR_CookZ_PearMarmaladeCan_Opened_DS","A sweet spread made from pears, offering a smooth flavor with a subtle fruitiness, and it stores well for long periods. Eat up before it spoils.","A sweet spread made from pears, offering a smooth flavor with a subtle fruitiness, and it stores well for long periods. Eat up before it spoils.","Sladký džem z hrušek, který nabízí jemnou chuť s náznakem ovocnosti a dobře se uchovává na dlouhou dobu. Snězte to, než se zkazí.","Ein süßer Aufstrich aus Birnen, der einen milden, fruchtigen Geschmack bietet und gut lagerbar ist. Nach dem Öffnen rasch verzehren.","Сладкая паста из груш, предлагающая мягкий вкус с легкой фруктовой ноткой, хорошо хранится длительное время. Съешьте, пока не испортилось.","Słodki dżem z gruszek, oferujący gładki smak z subtelną owocowością i dobrze się przechowuje przez długi czas. Zjedz, zanim się zepsuje.","Una dolce marmellata fatta con pere, che offre un sapore morbido con una sottile fruttosità, e si conserva bene per lunghi periodi. Mangia prima che vada a male.","Una dulce mermelada hecha con peras, ofreciendo un sabor suave con una sutileza afrutada, y se conserva bien durante mucho tiempo. Cómelo antes de que se estropee.","Une pâte à tartiner sucrée à base de poires, offrant une saveur douce avec une subtile touche fruitée, et se conserve bien pendant longtemps. Mangez avant que cela ne soit périmé.","由梨子制成的甜美果酱，提供柔和的风味和微妙的水果味，并且能够长时间保存。 在变质之前吃掉。","梨から作られた甘いスプレッドで、滑らかな風味と微妙なフルーティーさがあり、長期間保存できます。 腐る前に食べてください。","Uma doce geleia feita de peras, oferecendo um sabor suave com uma sutileza frutada, e conserva-se bem por longos períodos. Coma antes que estrague.","由梨子制成的甜美果酱，提供柔和的风味和微妙的水果味，并且能够长时间保存。 在变质之前吃掉。",
"STR_CookZ_Beef_Sausage_DN","Beef Sausage","Beef Sausage","Hovězí klobása","Rindswurst","Говяжья колбаса","Kiełbasa wołowa","Salsiccia di manzo","Salchicha de res","Saucisse de boeuf","牛肉香肠","牛肉ソーセージ","Linguiça de carne de vaca","牛肉香肠",
"STR_CookZ_Beef_Sausage_DS","A rich, filling sausage made from beef, designed to provide sustained energy and last through the toughest conditions.","A rich, filling sausage made from beef, designed to provide sustained energy and last through the toughest conditions.","Bohatá, výživná klobása z hovězího masa, navržená tak, aby poskytovala trvalou energii a vydržela i v nejtěžších podmínkách.","Eine kräftige, sättigende Wurst aus Rindfleisch, die für langanhaltende Energie sorgt und auch in schwierigen Zeiten nicht an Nährwert verliert.","Насыщенная, сытная колбаса из говядины, предназначенная для обеспечения продолжительной энергии и сытости.","Bogata, sycąca kiełbasa z wołowiny, zaprojektowana w celu zapewnienia długotrwałej energii i przetrwania w najcięższych warunkach.","Una salsiccia ricca e sostanziosa fatta con carne di manzo, progettata per fornire energia duratura e resistere alle condizioni più difficili.","Una salchicha rica y sustanciosa hecha de carne de res, diseñada para proporcionar energía sostenida y durar en las condiciones más duras.","Une saucisse riche et nourrissante à base de boeuf, conçue pour fournir de l'énergie durable et durer dans les conditions les plus difficiles.","一款富有营养、充实的牛肉香肠，旨在提供持久的能量，能够在最艰难的条件下保持。","牛肉で作られた豊かで満腹感のあるソーセージで、持続的なエネルギーを提供し、最も過酷な状況にも耐えるように設計されています。","Uma linguiça rica e substancial feita de carne bovina, projetada para fornecer energia sustentada e resistir às condições mais difíceis.","一款富有营养、充实的牛肉香肠，旨在提供持久的能量，能够在最艰难的条件下保持。",
"STR_CookZ_Chicken_Sausage_DN","Chicken Sausage","Chicken Sausage","Kuřecí klobása","Hühnerwurst","Куриная колбаса","Kiełbasa drobiowa","Salsiccia di pollo","Salchicha de pollo","Saucisse de poulet","鸡肉香肠","チキンソーセージ","Linguiça de frango","鸡肉香肠",
"STR_CookZ_Chicken_Sausage_DS","A lean and nutrient-dense sausage made from chicken, offering a reliable source of energy that's easy to store and transport.","A lean and nutrient-dense sausage made from chicken, offering a reliable source of energy that's easy to store and transport.","Nízkotučná a výživná klobása z kuřecího masa, která poskytuje spolehlivý zdroj energie a je snadno skladovatelná a přenosná.","Eine magere und nährstoffreiche Wurst aus Hähnchen, die eine zuverlässige Energiequelle bietet und sich gut lagern und transportieren lässt.","Постная и питательная колбаса из куриного мяса, предлагающая надежный источник энергии, который легко хранить и транспортировать.","Chuda i bogata w składniki odżywcze kiełbasa z kurczaka, oferująca niezawodne źródło energii, łatwa do przechowywania i transportu.","Una salsiccia magra e ricca di nutrienti fatta con pollo, che offre una fonte affidabile di energia ed è facile da conservare e trasportare.","Una salchicha magra y densa en nutrientes hecha de pollo, que ofrece una fuente confiable de energía fácil de almacenar y transportar.","Une saucisse maigre et riche en nutriments à base de poulet, offrant une source fiable d'énergie et facile à stocker et transporter.","一种低脂肪、富含营养的鸡肉香肠，提供可靠的能量来源，便于储存和运输。","鶏肉で作られた低脂肪で栄養豊富なソーセージで、信頼できるエネルギー源を提供し、保存や輸送が容易です。","Uma linguiça magra e rica em nutrientes feita de frango, oferecendo uma fonte confiável de energia que é fácil de armazenar e transportar.","一种低脂肪、富含营养的鸡肉香肠，提供可靠的能量来源，便于储存和运输。",
"STR_CookZ_Pig_Sausage_DN","Pig Sausage","Pig Sausage","Vepřová klobása","Schweinswurst","Свиная колбаса","Kiełbasa wieprzowa","Salsiccia di maiale","Salchicha de cerdo","Saucisse de porc","猪肉香肠","豚肉ソーセージ","Linguiça de porco","猪肉香肠",
"STR_CookZ_Pig_Sausage_DS","A rich, satisfying sausage made from pork, providing the necessary fuel to keep you going in the hardest of times.","A rich, satisfying sausage made from pork, providing the necessary fuel to keep you going in the hardest of times.","Bohatá, uspokojivá klobása z vepřového masa, která poskytuje potřebné palivo pro pokračování v těžkých časech.","Eine reichhaltige, sättigende Wurst aus Schwein, die die nötige Energie liefert, um dich auch in schwierigen Zeiten durchzuhalten.","Насыщенная вкусом колбаса из свинины, обеспечивающая вам сытность и энергичность, чтобы поддерживать вас в самых трудных условиях.","Bogata, satysfakcjonująca kiełbasa z wieprzowiny, dostarczająca niezbędnej energii, aby utrzymać cię w trudnych czasach.","Una salsiccia ricca e soddisfacente fatta con carne di maiale, che fornisce il carburante necessario per andare avanti nei momenti più difficili.","Una salchicha rica y satisfactoria hecha de cerdo, proporcionando el combustible necesario para seguir adelante en los momentos más difíciles.","Une saucisse riche et satisfaisante à base de porc, fournissant le carburant nécessaire pour continuer dans les moments les plus difficiles.","一款富有营养、令人满足的猪肉香肠，提供在最艰难时期保持活力所需的能量。","豚肉で作られた豊かで満足感のあるソーセージで、最も過酷な状況でも進み続けるためのエネルギー源を提供します。","Uma linguiça rica e satisfatória feita de carne de porco, fornecendo o combustível necessário para continuar nos tempos mais difíceis.","一款富有营养、令人满足的猪肉香肠，提供在最艰难时期保持活力所需的能量。",
"STR_CookZ_Goat_Sausage_DN","Goat Sausage","Goat Sausage","Kozí klobása","Ziegenwurst","Козья колбаса","Kiełbasa kozia","Salsiccia di capra","Salchicha de cabra","Saucisse de chèvre","山羊香肠","ヤギ肉ソーセージ","Linguiça de cabra","山羊香肠",
"STR_CookZ_Goat_Sausage_DS","A unique and flavorful sausage made from goat meat, compact and packed with protein, perfect for long-term storage.","A unique and flavorful sausage made from goat meat, compact and packed with protein, perfect for long-term storage.","Jedinečná a chutná klobása z kozího masa, kompaktní a plná bílkovin, ideální pro dlouhodobé skladování.","Eine einzigartige und aromatische Wurst aus Ziegenfleisch, kompakt und voller Eiweiß, ideal für die Vorratshaltung.","Уникальная и ароматная колбаса из козьего мяса, компактная и насыщенная белком, идеально подходящая для долгосрочного хранения.","Unikalna i smaczna kiełbasa z mięsa koziego, zwarta i pełna białka, idealna do długoterminowego przechowywania.","Una salsiccia unica e saporita fatta con carne di capra, compatta e ricca di proteine, perfetta per la conservazione a lungo termine.","Una salchicha única y sabrosa hecha de carne de cabra, compacta y llena de proteínas, perfecta para almacenamiento a largo plazo.","Une saucisse unique et savoureuse à base de viande de chèvre, compacte et riche en protéines, parfaite pour le stockage à long terme.","一种独特且风味十足的山羊肉香肠，紧凑且富含蛋白质，非常适合长期储存。","ユニークで風味豊かなヤギ肉のソーセージで、コンパクトでタンパク質が豊富、長期保存に最適です。","Uma linguiça única e saborosa feita de carne de cabra, compacta e rica em proteínas, perfeita para armazenamento a longo prazo.","一种独特且风味十足的山羊肉香肠，紧凑且富含蛋白质，非常适合长期储存。",
"STR_CookZ_Bear_Sausage_DN","Bear Sausage","Bear Sausage","Medvědí klobása","Bärenwurst","Медвежья колбаса","Kiełbasa z niedźwiedzia","Salsiccia di orso","Salchicha de oso","Saucisse d'ours","熊肉香肠","クマ肉ソーセージ","Linguiça de urso","熊肉香肠",
"STR_CookZ_Bear_Sausage_DS","A bold sausage made from bear meat, packed with rich flavors and energy, sure to keep you fueled for the toughest challenges.","A bold sausage made from bear meat, packed with rich flavors and energy, sure to keep you fueled for the toughest challenges.","Odvážná klobása z medvědího masa, plná bohaté chuti a energie, která tě udrží v chodu i v těch nejtěžších výzvách.","Eine kräftige Wurst aus Bärenfleisch, vollgepackt mit reichhaltigem Geschmack und Energie, die dich durch die härtesten Herausforderungen bringt.","Это аппетитная колбаса, приготовленная из медвежатины, с богатым вкусом и энергией, которая придаст вам сил преодолеть самые сложные испытания.","Odważna kiełbasa z mięsa niedźwiedzia, pełna bogatych smaków i energii, która pomoże ci przetrwać w najcięższych wyzwaniach.","Una salsiccia audace fatta con carne di orso, ricca di sapori intensi ed energia, che ti manterrà energico per affrontare le sfide più difficili.","Una salchicha audaz hecha de carne de oso, llena de sabores ricos y energía, que te mantendrá abastecido para los desafíos más difíciles.","Une saucisse audacieuse faite de viande d'ours, pleine de saveurs riches et d'énergie, qui vous permettra de relever les défis les plus difficiles.","一款大胆的熊肉香肠，充满丰富的风味和能量，帮助你应对最艰难的挑战。","熊肉で作られた大胆なソーセージで、豊かな風味とエネルギーが詰まっており、最も困難な挑戦を乗り越えるための力を提供します。","Uma linguiça ousada feita de carne de urso, cheia de sabores ricos e energia, que vai te manter abastecido para os desafios mais difíceis.","一款大胆的熊肉香肠，充满丰富的风味和能量，帮助你应对最艰难的挑战。",
"STR_CookZ_Sheep_Sausage_DN","Sheep Sausage","Sheep Sausage","Ovčí klobása","Schafwurst","Овечья колбаса","Kiełbasa jagnięca","Salsiccia di pecora","Salchicha de oveja","Saucisse d'agneau","羊肉香肠","羊肉ソーセージ","Linguiça de ovelha","羊肉香肠",
"STR_CookZ_Sheep_Sausage_DS","A tender yet hearty sausage made from sheep, offering a filling and long-lasting energy boost when supplies run low.","A tender yet hearty sausage made from sheep, offering a filling and long-lasting energy boost when supplies run low.","Měkká, ale vydatná klobása z ovčího masa, která poskytuje výživný a dlouhotrvající energetický náboj, když zásoby docházejí.","Eine würzige Wurst aus Schaf, reich an Geschmack und Eiweiß, die langanhaltende Nahrung für längere Zeit ohne frische Vorräte bietet.","Нежная, но сытная колбаса из овечьего мяса, обеспечивающая питательную и долговечную энергию, когда запасы иссякают.","Delikatna, ale sycąca kiełbasa z jagnięciny, która zapewnia sycącą i długotrwałą energię, gdy zapasy zaczynają się kończyć.","Una salsiccia tenera ma sostanziosa fatta con carne di pecora, che offre un apporto energetico nutriente e duraturo quando le scorte scarseggiano.","Una salchicha tierna pero sustanciosa hecha de carne de oveja, que ofrece un impulso energético nutritivo y duradero cuando los suministros escasean.","Une saucisse tendre mais nourrissante à base de viande de mouton, offrant un apport énergétique durable lorsque les réserves diminuent.","一种柔嫩而充实的羊肉香肠，当物资不足时提供持久的能量补充。","柔らかくて満腹感のある羊肉ソーセージで、物資が不足したときに長続きするエネルギーを提供します。","Uma linguiça macia, mas substancial feita de carne de ovelha, que oferece um impulso energético duradouro e nutritivo quando os suprimentos estão baixos.","一种柔嫩而充实的羊肉香肠，当物资不足时提供持久的能量补充。",
"STR_CookZ_Boar_Sausage_DN","Boar Sausage","Boar Sausage","Klobása z divočáka","Wildschweinwurst","Колбаса из кабана","Kiełbasa z dzika","Salsiccia di cinghiale","Salchicha de jabalí","Saucisse de sanglier","野猪香肠","イノシシソーセージ","Linguiça de javali","野猪香肠",
"STR_CookZ_Boar_Sausage_DS","A robust sausage made from wild boar, packed with rich, gamey flavor and long-lasting energy for the harshest conditions.","A robust sausage made from wild boar, packed with rich, gamey flavor and long-lasting energy for the harshest conditions.","Robustní klobása z divočáka, plná intenzivní, divoké chuti a dlouhotrvající energie pro nejtěžší podmínky.","Eine kräftige Wurst aus Wildschwein, vollgepackt mit intensivem, wildem Geschmack und langanhaltender Energie für die härtesten Bedingungen.","Надежная колбаса из кабана, насыщенная богатым диким вкусом и долгосрочной энергией, подходящая для самых суровых условий.","Solidna kiełbasa z dzika, pełna intensywnego, dzikiego smaku i długotrwałej energii, idealna na najtrudniejsze warunki.","Una salsiccia robusta fatta con carne di cinghiale, ricca di sapore selvatico e di energia duratura per le condizioni più difficili.","Una salchicha robusta hecha de jabalí, llena de un rico sabor a caza y energía duradera para las condiciones más difíciles.","Une saucisse robuste à base de sanglier, riche en saveur sauvage et en énergie durable pour les conditions les plus difficiles.","一种由野猪制成的坚固香肠，充满浓郁的野味和持久的能量，适应最艰苦的环境。","野生イノシシから作られた力強いソーセージで、豊かな野生の風味と長時間持続するエネルギーを提供します。","Uma linguiça robusta feita de javali, rica em sabor selvagem e energia duradoura para as condições mais difíceis.","一种由野猪制成的坚固香肠，充满浓郁的野味和持久的能量，适应最艰苦的环境。",
"STR_CookZ_Deer_Sausage_DN","Deer Sausage","Deer Sausage","Klobása z jelena","Rehwurst","Колбаса из оленины","Kiełbasa z jelenia","Salsiccia di cervo","Salchicha de ciervo","Saucisse de cerf","鹿肉香肠","鹿肉ソーセージ","Linguiça de veado","鹿肉香肠",
"STR_CookZ_Deer_Sausage_DS","A lean, flavorful sausage made from deer, packed with protein and energy to keep you moving in tough times.","A lean, flavorful sausage made from deer, packed with protein and energy to keep you moving in tough times.","Klobása z jelena, nízkotučná a chutná, plná bílkovin a energie, která tě udrží v pohybu i v těžkých časech.","Eine magere, aromatische Wurst aus Hirschfleisch, vollgepackt mit Eiweiß und Energie, um dich in schwierigen Zeiten am Laufen zu halten.","Постная, ароматная колбаса из оленины, полная белка и энергии, которая помогает вам двигаться в трудные времена.","Chuda, smaczna kiełbasa z jelenia, pełna białka i energii, abyś mógł się poruszać w trudnych czasach.","Una salsiccia magra e saporita fatta con carne di cervo, ricca di proteine e di energia per mantenerti in movimento nei momenti difficili.","Una salchicha magra y sabrosa hecha de carne de ciervo, llena de proteínas y energía para mantenerte en movimiento en tiempos difíciles.","Une saucisse maigre et savoureuse faite de viande de cerf, riche en protéines et en énergie pour vous maintenir en mouvement pendant les moments difficiles.","由鹿肉制成的瘦肉香肠，富含蛋白质和能量，帮助你在困难时期保持前进。","鹿肉から作られた低脂肪で風味豊かなソーセージで、タンパク質とエネルギーが豊富で、困難な時期でも動き続けることができます。","Uma linguiça magra e saborosa feita de carne de veado, rica em proteínas e energia para mantê-lo em movimento nos momentos difíceis.","由鹿肉制成的瘦肉香肠，富含蛋白质和能量，帮助你在困难时期保持前进。",
"STR_CookZ_Hare_Sausage_DN","Hare Sausage","Hare Sausage","Klobása z divokého králíka","Wildkaninchenwurst","Кроличья колбаса","Kiełbasa z zająca","Salsiccia di lepre","Salchicha de liebre","Saucisse de lièvre","野兔香肠","野ウサギソーセージ","Linguiça de lebre","野兔香肠",
"STR_CookZ_Hare_Sausage_DS","A hearty sausage made from hare, rich in protein and perfect for withstanding long stretches without fresh food.","A hearty sausage made from hare, rich in protein and perfect for withstanding long stretches without fresh food.","Sytá klobása z králičího masa, plná bílkovin a ideální pro dlouhé období bez čerstvého jídla.","Eine magere, aromatische Wurst aus Hasenfleisch, die eine kompakte und langanhaltende Energiequelle für das Überleben bietet.","Сытная колбаса из зайчатины, богатая белками и идеально подходящая для долгих промежутков времени без свежей пищи.","Syta kiełbasa z mięsa zająca, bogata w białko, doskonała na długie okresy bez świeżego jedzenia.","Una salsiccia sostanziosa fatta con carne di lepre, ricca di proteine e perfetta per resistere a lunghi periodi senza cibo fresco.","Una salchicha sustanciosa hecha de carne de liebre, rica en proteínas y perfecta para resistir largos períodos sin comida fresca.","Une saucisse copieuse à base de viande de lièvre, riche en protéines et parfaite pour supporter de longues périodes sans nourriture fraîche.","由野兔肉制成的丰盛香肠，富含蛋白质，完美适应长时间没有新鲜食物的情况。","ウサギ肉で作られたボリューム満点のソーセージで、タンパク質が豊富で、新鮮な食べ物がなくても長時間耐えることができます。","Uma linguiça substancial feita de carne de lebre, rica em proteínas e perfeita para suportar longos períodos sem comida fresca.","由野兔肉制成的丰盛香肠，富含蛋白质，完美适应长时间没有新鲜食物的情况。",
"STR_CookZ_Wolf_Sausage_DN","Wolf Sausage","Wolf Sausage","Klobása z vlka","Wolfswurst","Волчья колбаса","Kiełbasa wilcza","Salsiccia di lupo","Salchicha de lobo","Saucisse de loup","狼肉香肠","オオカミソーセージ","Linguiça de lobo","狼肉香肠",
"STR_CookZ_Wolf_Sausage_DS","A hearty, wild sausage from wolf, designed to provide lasting nutrition and keep you strong when food is scarce.","A hearty, wild sausage from wolf, designed to provide lasting nutrition and keep you strong when food is scarce.","Sytá, divoká klobása z vlka, navržená tak, aby poskytovala dlouhodobou výživu a udržovala tě silného, když je jídlo vzácné.","Eine herzhafte, wilde Wurst aus Wolfsfleisch, die langanhaltende Nährstoffe bietet und dich stark hält, wenn die Vorräte knapp sind.","Сытная дикая колбаса из волка, предназначенная для долгосрочного питания и поддержания силы, когда еда в дефиците.","Syta, dzika kiełbasa z wilka, zaprojektowana, by zapewnić długotrwałe odżywienie i utrzymać cię silnym, gdy jedzenie jest ograniczone.","Una salsiccia sostanziosa e selvaggia di lupo, progettata per fornire nutrizione duratura e mantenerti forte quando il cibo scarseggia.","Una salchicha sustanciosa y salvaje hecha de lobo, diseñada para proporcionar nutrición duradera y mantenerte fuerte cuando la comida escasea.","Une saucisse copieuse et sauvage de loup, conçue pour fournir une nutrition durable et vous garder fort lorsque la nourriture est rare.","由狼肉制成的丰盛野味香肠，旨在提供持久的营养并保持你在食物稀缺时的力量。","狼から作られた力強い野生のソーセージで、持続的な栄養を提供し、食糧が不足している時にあなたを強く保つように設計されています。","Uma linguiça selvagem e substancial feita de lobo, projetada para fornecer nutrição duradoura e manter você forte quando a comida escasseia.","由狼肉制成的丰盛野味香肠，旨在提供持久的营养并保持你在食物稀缺时的力量。",
"STR_CookZ_Human_Sausage_DN","Human Sausage","Human Sausage","Klobása z člověka","Menschenwurst","Человечья колбаса","Kiełbasa ludzka","Salsiccia umana","Salchicha humana","Saucisse humaine","人类香肠","人間ソーセージ","Linguiça humana","人类香肠",
"STR_CookZ_Human_Sausage_DS","Made in the most extreme circumstances, this is a human sausage — something never meant to exist, only made when survival is at its bleakest. When I served in the King's African Rifles, the local Zambezi tribesman called human flesh 'long pig'. Never much cared for it.","Made in the most extreme circumstances, this is a human sausage — something never meant to exist, only made when survival is at its bleakest. When I served in the King's African Rifles, the local Zambezi tribesman called human flesh 'long pig'. Never much cared for it.","Vyrobeno za extrémních okolností, toto je lidská klobása — něco, co nikdy nemělo existovat, vyrobeno pouze, když je přežití nejsmutnější.","In extremsten Situationen hergestellt, eine Menschenwurst — etwas, das niemals hätte existieren dürfen, nur geschaffen, wenn das Überleben am dunkelsten ist.","Создано в самых экстремальных условиях, это — человеческая колбаса, не предназначенная для существования, она была создана только тогда, когда выживание было на грани отчаяния.","Stworzona w najbardziej ekstremalnych warunkach, to ludzka kiełbasa — coś, co nigdy nie miało istnieć, stworzona tylko wtedy, gdy przetrwanie było w najciemniejszym momencie.","Fatta nelle circostanze più estreme, questa è una salsiccia umana - qualcosa che non doveva mai esistere, creata solo quando la sopravvivenza è più disperata.","Hecha en las circunstancias más extremas, esta es una salchicha humana, algo que nunca debió existir, solo hecha cuando la supervivencia está en su momento más oscuro.","Fabriquée dans les circonstances les plus extrêmes, voici une saucisse humaine — quelque chose qui n’aurait jamais dû exister, créée uniquement lorsque la survie est au plus bas.","在最极端的情况下制作，这是人类香肠——本不应存在的东西，只有在生存处于最黑暗时才会制作。","最も極端な状況で作られたこの人間ソーセージは、決して存在すべきではなかったもので、生存が最も絶望的な時にのみ作られます。","Feita nas circunstâncias mais extremas, esta é uma linguiça humana — algo que nunca deveria existir, feito apenas quando a sobrevivência está em seu momento mais sombrio.","在最极端的情况下制作，这是人类香肠——本不应存在的东西，只有在生存处于最黑暗时才会制作。",
"STR_CookZ_Fox_Sausage_DN","Fox Sausage","Fox Sausage","Klobása z lišky","Fuchswurst","Лисья колбаса","Kiełbasa lisia","Salsiccia di volpe","Salchicha de zorro","Saucisse de renard","狐狸香肠","キツネソーセージ","Linguiça de raposa","狐狸香肠",
"STR_CookZ_Fox_Sausage_DS","A flavorful sausage made from fox, providing the sustenance needed to keep going when supplies are limited.","A flavorful sausage made from fox, providing the sustenance needed to keep going when supplies are limited.","Aromatická klobása z lišky, která poskytuje potřebnou výživu k pokračování, když jsou zásoby omezené.","Eine aromatische Wurst aus Fuchs, die die nötige Nahrung liefert, um auch in knappen Zeiten weiterzumachen.","Ароматная колбаса из лисы, обеспечивающая необходимое питание для продолжения, когда запасы ограничены.","Aromatyczna kiełbasa z lisa, dostarczająca niezbędnej energii, aby kontynuować, gdy zapasy są ograniczone.","Una salsiccia saporita fatta con carne di volpe, che fornisce la nutrizione necessaria per andare avanti quando le scorte sono limitate.","Una salchicha sabrosa hecha de zorro, que proporciona la nutrición necesaria para seguir adelante cuando las provisiones son limitadas.","Une saucisse savoureuse faite de renard, fournissant la nutrition nécessaire pour continuer lorsque les provisions sont limitées.","由狐狸制成的美味香肠，在物资有限时提供继续前进所需的营养。","キツネから作られた風味豊かなソーセージで、物資が限られているときに進み続けるために必要な栄養を提供します。","Uma linguiça saborosa feita de raposa, fornecendo a nutrição necessária para continuar quando os suprimentos são limitados.","由狐狸制成的美味香肠，在物资有限时提供继续前进所需的营养。",
"STR_CookZ_Reindeer_Sausage_DN","Reindeer Sausage","Reindeer Sausage","Klobása z soba","Rentierwurst","Колбаса из оленины","Kiełbasa z renifera","Salsiccia di renna","Salchicha de reno","Saucisse de renne","驯鹿香肠","トナカイソーセージ","Linguiça de rena","驯鹿香肠",
"STR_CookZ_Reindeer_Sausage_DS","A flavorful, robust sausage from reindeer, providing long-lasting nourishment for survival situations.","A flavorful, robust sausage from reindeer, providing long-lasting nourishment for survival situations.","Aromatická, silná klobása z soba, která poskytuje dlouhotrvající výživu pro situace přežití.","Eine würzige, kräftige Wurst aus Rentier, die langanhaltende Nahrung für Überlebenssituationen bietet.","Вкусная, насыщенная колбаса из оленя, обеспечивающая долгосрочное питание для ситуаций выживания.","Aromatyczna, mocna kiełbasa z renifera, zapewniająca długotrwałe odżywienie w sytuacjach przetrwania.","Una salsiccia saporita e robusta di renna, che fornisce nutrimento duraturo per situazioni di sopravvivenza.","Una salchicha sabrosa y robusta de reno, que proporciona nutrición duradera para situaciones de supervivencia.","Une saucisse savoureuse et robuste de renne, fournissant une nutrition de longue durée pour des situations de survie.","由驯鹿制成的美味、强劲的香肠，提供持久的营养，适用于生存情况。","トナカイから作られた風味豊かで力強いソーセージで、サバイバル状況で長持ちする栄養を提供します。","Uma linguiça saborosa e robusta feita de rena, fornecendo nutrição duradoura para situações de sobrevivência.","由驯鹿制成的美味、强劲的香肠，提供持久的营养，适用于生存情况。",
"STR_CookZ_Blood_Sausage_DN","Blood Pudding","Blood Pudding","Krvavá klobása","Blutwurst","Кровяная колбаса","Kaszanka","Sanguinaccio","Morcilla","Boudin noir","血肠","ブラッドプディング","Morcela","血肠",
"STR_CookZ_Blood_Sausage_DS","A dense, iron-rich sausage made from human blood and offal. Highly nutritious in dire times—if you can stomach the fact that someone had to *donate* themselves.","A dense, iron-rich sausage made from human blood and offal. Highly nutritious in dire times—if you can stomach the fact that someone had to *donate* themselves.","Hutná, železem bohatá klobása z lidské krve a vnitřností. Výživná v krajní nouzi – pokud zvládnete, že ji někdo musel... darovat.","Eine dichte, eisenreiche Wurst aus menschlichem Blut und Innereien. Nahrhaft in schweren Zeiten – vorausgesetzt, man kommt damit klar, dass jemand dafür... gespendet wurde.","Плотная, богатая железом колбаса из человеческой крови и потрохов. Полезна в безвыходных ситуациях — если не смущает, что кто-то ею буквально стал.","Gęsta, bogata w żelazo kiełbasa z ludzkiej krwi i podrobów. Pożywna w czasach desperacji — jeśli zdołasz przełknąć fakt, że ktoś musiał się... poświęcić.","Una salsiccia densa e ricca di ferro fatta con sangue umano e interiora. Molto nutriente nei momenti disperati—sempre che tu riesca a digerire il fatto che qualcuno ci ha... contribuito.","Un embutido denso y rico en hierro hecho con sangre humana y vísceras. Muy nutritivo en tiempos desesperados... si puedes digerir que alguien tuvo que *aportarse*.","Une saucisse dense et riche en fer à base de sang humain et d’abats. Très nourrissante en cas de crise — si tant est qu’on accepte qu’un être humain y a... contribué.","一种浓稠、富含铁质的香肠，由人血和内脏制成。在绝境中极具营养——前提是你能接受有人为了它“献身”。","人間の血と内臓で作られた濃厚で鉄分豊富なソーセージ。絶望的な状況では栄養価が高い——誰かが“捧げた”と知っても平気なら。","Uma linguiça densa e rica em ferro feita com sangue humano e miúdos. Muito nutritiva em tempos sombrios — se conseguir engolir que alguém teve que... se doar.","一种浓稠、富含铁质的香肠，由人血和内脏制成。在绝境中极具营养——前提是你能接受有人为了它“献身”。",
"STR_CookZ_Cheese_DN","Cheese","Cheese","Sýr","Käse","Сыр","Ser","Formaggio","Queso","Fromage","奶酪","チーズ","Queijo","奶酪",
"STR_CookZ_Cheese_DS","A piece of makeshift cheese. It almost tastes like the real thing.","A piece of makeshift cheese. It almost tastes like the real thing.","Kus provizorního sýra. Chuť je téměř jako originál.","Ein Stück improvisierter Käse. Es schmeckt fast wie das Original.","Кусок импровизированного сыра. Почти как настоящее.","Kawałek prowizorycznego sera. Smakuje prawie jak prawdziwy.","Un pezzo di formaggio improvvisato. Gusta quasi come quello vero.","Un trozo de queso improvisado. Casi sabe como el real.","Un morceau de fromage de fortune. Il a presque le goût du vrai.","一块临时做成的奶酪，味道几乎像真正的奶酪。","仮作りのチーズの一片。本物に近い味がします。","Um pedaço de queijo improvisado. Quase tem o gosto do real.","一块临时做成的奶酪，味道几乎像真正的奶酪。",
"STR_CookZ_DisinfectRags_DN","Disinfect","Disinfect","Dezinfikovat","Desinfizieren","Дезинфекция","Dezynfekować","Disinfettare","Desinfectar","Désinfecter","消毒","消毒","Desinfetar","消毒",
"STR_CookZ_Intro","General Cooking Instructions","General Cooking Instructions","Obecné pokyny pro vaření","Kochanweisungen","Общие инструкции по приготовлению","Ogólne instrukcje gotowania","Istruzioni generali di cucina","Instrucciones generales de cocina","Instructions générales de cuisine","一般烹饪说明","一般的な料理の手順","Instruções gerais de cozimento","一般烹饪说明",
"STR_CookZ_UsefilTips","Useful Tips","Useful Tips","Užitečné tipy","Nützliche Tipps","Полезные советы","Przydatne wskazówki","Consigli utili","Consejos útiles","Conseils utiles","實用技巧","役立つヒント","Dicas úteis","实用技巧",
"STR_CookZ_CannedDishes","Canned Dishes","Canned Dishes","Konzervované pokrmy","Konserven","Консервированные блюда","Dania w puszkach","Piatti in scatola","Platos en conserva","Plats en conserve","罐装菜肴","缶詰料理","Pratos enlatados","罐装菜肴",
"STR_CookZ_BoxedDishes","Boxed Dishes","Boxed Dishes","Jídla v krabicích","Gerichte aus der Box","Блюда в коробках","Dania w pudełkach","Piatti in scatola","Platos en caja","Plats en boîte","盒装菜肴","箱入り料理","Pratos embalados","盒装菜肴",
"STR_CookZ_Sausages","Sausages","Sausages","Uzeniny","Wurst Spezialitäten","Колбасы","Kiełbasy","Salsicce","Embutidos","Saucisses","香肠","ソーセージ","Salsichas","香肠",
"STR_CookZ_Miscellaneous","Miscellaneous","Miscellaneous","Různé","Sonstiges","Разное","Inne","Varie","Varios","Divers","杂项","雑多な","Diversos","杂项",
"STR_CookZ_Instructions","You can cook using a pot, cauldron or pan. This book describes how you can combine ingredients to create nutritious dishes. If you do not follow the instructions correctly then the ingredients are cooked individually. Some dishes need packaging material like empty cans or boxes attached to the cooking equipment. Some dishes need water or a specific cooking equipment.","You can cook using a pot, cauldron or pan. This book describes how you can combine ingredients to create nutritious dishes. If you do not follow the instructions correctly then the ingredients are cooked individually. Some dishes need packaging material like empty cans or boxes attached to the cooking equipment. Some dishes need water or a specific cooking equipment.","Můžete vařit pomocí hrnce, kotle nebo pánve. Tato kniha popisuje, jak kombinovat ingredience pro přípravu výživných pokrmů. Pokud nebudete postupovat podle pokynů správně, ingredience se uvaří samostatně. Některé pokrmy potřebují obalový materiál, jako jsou prázdné plechovky nebo krabice připojené k vaření. Některé pokrmy potřebují vodu nebo specifické vaření.","Gerichte können in einem Kochtopf, Kessel oder Bratpfanne zubereitet werden. Dieses Buch beschreibt, wie Du Zutaten kombinieren kannst, um nahrhafte Gerichte zuzubereiten. Wenn du die Anweisungen nicht richtig befolgst, werden die Zutaten einzeln gekocht. Einige Gerichte benötigen Verpackungsmaterial wie leere Dosen oder Schachteln, die am Kochgeschirr befestigt werden. Manche Gerichte brauchen Wasser oder ein bestimmtes Kochgerät.","Вы можете готовить с использованием кастрюли, котла или сковороды. Эта книга описывает, как комбинировать ингредиенты для создания питательных блюд. Если вы не будете следовать инструкциям правильно, ингредиенты будут готовиться по отдельности. Некоторые блюда требуют упаковочного материала, такого как пустые банки или коробки, прикрепленные к кухонным приборам. Некоторые блюда требуют воды или специального кухонного оборудования.","Możesz gotować używając garnka, kotła lub patelni. Ta książka opisuje, jak łączyć składniki, aby stworzyć pożywne dania. Jeśli nie będziesz postępować zgodnie z instrukcjami, składniki będą gotowane osobno. Niektóre dania wymagają materiałów opakowaniowych, takich jak puste puszki lub pudełka przymocowane do sprzętu kuchennego. Niektóre dania wymagają wody lub określonego sprzętu do gotowania.","Puoi cucinare usando una pentola, un calderone o una padella. Questo libro descrive come combinare gli ingredienti per creare piatti nutrienti. Se non segui correttamente le istruzioni, gli ingredienti verranno cucinati separatamente. Alcuni piatti necessitano di materiali da imballaggio come lattine vuote o scatole da attaccare all'attrezzatura da cucina. Alcuni piatti richiedono acqua o un'attrezzatura di cottura specifica.","Puedes cocinar usando una olla, caldereta o sartén. Este libro describe cómo combinar ingredientes para crear platos nutritivos. Si no sigues las instrucciones correctamente, los ingredientes se cocinarán por separado. Algunos platos necesitan material de embalaje como latas vacías o cajas unidas al equipo de cocina. Algunos platos necesitan agua o un equipo de cocina específico.","Vous pouvez cuisiner en utilisant une casserole, un chaudron ou une poêle. Ce livre décrit comment vous pouvez combiner des ingrédients pour créer des plats nutritifs. Si vous ne suivez pas correctement les instructions, les ingrédients seront cuits séparément. Certains plats nécessitent des matériaux d'emballage comme des boîtes vides ou des boîtes attachées à l'équipement de cuisine. Certains plats nécessitent de l'eau ou un équipement de cuisine spécifique.","你可以使用锅、锅炉或煎锅进行烹饪。本书描述了如何将食材结合起来制作营养丰富的菜肴。如果你没有正确按照说明操作，食材将被单独烹饪。一些菜肴需要包装材料，如空罐或箱子，并与烹饪设备连接。一些菜肴需要水或特定的烹饪设备。","鍋、かまど、またはフライパンを使って料理ができます。この本では、食材を組み合わせて栄養価の高い料理を作る方法を説明しています。指示通りに操作しない場合、食材は個別に調理されます。いくつかの料理には、空の缶や箱などの包装材料が必要で、調理器具に取り付けます。いくつかの料理には水や特定の調理器具が必要です。","Você pode cozinhar usando uma panela, caldeirão ou frigideira. Este livro descreve como combinar ingredientes para criar pratos nutritivos. Se você não seguir as instruções corretamente, os ingredientes serão cozidos separadamente. Alguns pratos precisam de materiais de embalagem, como latas vazias ou caixas presas ao equipamento de cozinha. Alguns pratos precisam de água ou equipamentos de cozinha específicos.","你可以使用锅、锅炉或煎锅进行烹饪。本书描述了如何将食材结合起来制作营养丰富的菜肴。如果你没有正确按照说明操作，食材将被单独烹饪。一些菜肴需要包装材料，如空罐或箱子，并与烹饪设备连接。一些菜肴需要水或特定的烹饪设备。",
"STR_CookZ_EmptyCanInstructions","You can craft ten <b>empty cans</b> from a <b>metal sheet</b> using a <b>hacksaw</b>.","You can craft ten <b>empty cans</b> from a <b>metal sheet</b> using a <b>hacksaw</b>.","Můžete vyrobit deset <b>prázdných plechovek</b> z <b>kovového plechu</b> pomocí <b>pily</b>.","Du kannst zehn <b>Leere Dosen</b> aus einem <b>Metallblech</b> mit einer <b>Metallsäge</b> herstellen.","Вы можете изготовить десять <b>пустых банок</b> из <b>металлического листа</b> с помощью <b>ножовки</b>.","Możesz stworzyć dziesięć <b>pustych puszek</b> z <b>blachy</b> używając <b>piły ręcznej</b>.","Puoi creare dieci <b>lattine vuote</b> da un <b>foglio di metallo</b> utilizzando una <b>saw</b>.","Puedes hacer diez <b>latas vacías</b> a partir de una <b>hoja de metal</b> utilizando una <b>sierra</b>.","Vous pouvez fabriquer des <b>boîtes vides métal</b> à partir d'une <b>feuille métallique</b> à l'aide d'une <b>scie à métaux</b>.","你可以用<b>金属片</b>和<b>锯子</b>制作十个<b>空罐</b>。","金属板を使い、<b>ハクソウ</b>で<b>空の缶</b>を10個作れます。","Você pode criar dez <b>latas vazias</b> a partir de uma <b>folha de metal</b> usando uma <b>serra</b>.","你可以用<b>金属片</b>和<b>锯子</b>制作十个<b>空罐</b>。",
"STR_CookZ_EmptyBoxInstructions","An <b>empty box</b> can be crafted from two pieces of <b>paper</b> or by using any <b>axe</b> or <b>knife</b> on <b>bark</b>.","An <b>empty box</b> can be crafted from two pieces of <b>paper</b> or by using any <b>axe</b> or <b>knife</b> on <b>bark</b>.","Prázdnou <b>krabici</b> lze vytvořit z dvou kusů <b>papíru</b> nebo použitím jakékoliv <b>sekery</b> nebo <b>nože</b> na <b>korku</b>.","Eine <b>Leere Schachtel</b> kann aus zwei Stück <b>Papier</b> hergestellt werden oder aus <b>Baumrinde</b>, die mit einer <b>Axt</b> oder einem <b>Messer</b> bearbeitet wird.","Пустую <b>коробку</b> можно создать из двух кусочков <b>бумаги</b> или с помощью любого <b>топора</b> или <b>ножа</b> из <b>коры</b>.","Pustą <b>pudełko</b> można stworzyć z dwóch kawałków <b>papieru</b> lub za pomocą dowolnej <b>siekiery</b> lub <b>noża</b> na <b>korze</b>.","Una <b>scatola vuota</b> può essere creata da due pezzi di <b>carta</b> o usando un <b>ascia</b> o un <b>coltello</b> sulla <b>corteccia</b>.","Una <b>caja vacía</b> se puede fabricar a partir de dos piezas de <b>papel</b> o utilizando cualquier <b>hacha</b> o <b>cuchillo</b> sobre la <b>corteza</b>.","Une <b>boîte vide carton</b> peut être fabriquée à partir de deux morceaux de <b>papier</b> ou en utilisant n'importe quelle <b>hache</b> ou <b>couteau</b> sur de l'<b>écorce</b>.","可以用两块<b>纸</b>制作<b>空盒子</b>，或者使用任何<b>斧头</b>或<b>刀具</b>在<b>树皮</b>上制作。","<b>空の箱</b>は2つの<b>紙</b>から作成することができます、または<b>斧</b>や<b>ナイフ</b>を使って<b>樹皮</b>を削ることでも作れます。","Uma <b>caixa vazia</b> pode ser criada a partir de dois pedaços de <b>papel</b> ou usando qualquer <b>machado</b> ou <b>faca</b> na <b>casca</b>.","可以用两块<b>纸</b>制作<b>空盒子</b>，或者使用任何<b>斧头</b>或<b>刀具</b>在<b>树皮</b>上制作。",
"STR_CookZ_PeelerInstructions","Craft a <b>peeler</b> from an <b>empty can</b> using <b>pliers</b> to speed up peeling potatoes. An even faster <b>drum peeler</b> can be crafted from an empty <b>pot</b> using a <b>hammer</b>, though it requires water to work.","Craft a <b>peeler</b> from an <b>empty can</b> using <b>pliers</b> to speed up peeling potatoes. An even faster <b>drum peeler</b> can be crafted from an empty <b>pot</b> using a <b>hammer</b>, though it requires water to work.","Vyrob si <b>škrabku na brambory</b> z <b>prázdné plechovky</b> pomocí <b>kleští</b>, abys urychlil loupání brambor. Ještě rychlejší <b>Bubnová škrabka</b> lze vyrobit z prázdného <b>hrnce</b> pomocí <b>kladiva</b>, ale ke svému fungování potřebuje vodu.","Stelle mit einer <b>Zange</b> aus einer <b>leeren Dose</b> einen <b>Sparschäler</b> her, um Kartoffeln schneller zu schälen. Ein noch schnellerer <b>Trommelschäler</b> kann mit einem <b>Hammer</b> aus einem leeren <b>Kochtopf</b> hergestellt werden, benötigt jedoch Wasser zum Betrieb.","Создайте <b>картофелечистку</b> из <b>пустой банки</b> с помощью <b>плоскогубцев</b>, чтобы быстрее чистить картофель. Ещё более быструю <b>Барабанная овощечистка</b> можно сделать из пустой <b>кастрюли</b> с помощью <b>молотка</b>, однако для работы ей нужна вода.","Stwórz <b>obieraczkę do ziemniaków</b> z <b>pustej puszki</b> przy użyciu <b>kombinerek</b>, aby szybciej obierać ziemniaki. Jeszcze szybszą <b>Obieraczka bębnowa</b> można wykonać z pustego <b>garnka</b> przy użyciu <b>młotka</b>, jednak do działania wymaga wody.","Crea un <b>pelapatate</b> da una <b>lattina vuota</b> usando delle <b>pinze</b> per velocizzare la pelatura delle patate. Un <b>Pelapatate a tamburo</b> ancora più veloce può essere creato da una <b>pentola</b> vuota usando un <b>martello</b>, anche se richiede acqua per funzionare.","Crea un <b>pelador de patatas</b> a partir de una <b>lata vacía</b> usando unos <b>alicates</b> para pelar patatas más rápido. Un <b>Pelador de tambor</b> aún más rápido puede fabricarse a partir de una <b>olla</b> vacía usando un <b>martillo</b>, aunque necesita agua para funcionar.","Fabriquez un <b>éplucheur à légumes</b> à partir d'une <b>boîte vide</b> à l'aide de <b>pinces</b> pour accélérer l'épluchage des pommes de terre. Un <b>Éplucheur à tambour</b> encore plus rapide peut être fabriqué à partir d'une <b>marmite</b> vide avec un <b>marteau</b>, mais il nécessite de l'eau pour fonctionner.","使用<b>鉗子</b>將<b>空罐頭</b>製作成<b>馬鈴薯削皮器</b>，以加快馬鈴薯去皮速度。更快的<b>滚筒削皮器</b>可以用<b>錘子</b>由空<b>鍋子</b>製作，但需要水才能運作。","<b>空き缶</b>から<b>ペンチ</b>を使って<b>ピーラー</b>を作れば、ジャガイモの皮むきが速くなります。さらに高速な<b>ドラムピーラー</b>は、空の<b>鍋</b>から<b>ハンマー</b>を使って作れますが、動作には水が必要です。","Crie um <b>descascador de batatas</b> a partir de uma <b>lata vazia</b> usando um <b>alicate</b> para acelerar o descasque de batatas. Um <b>Descascador de tambor</b> ainda mais rápido pode ser criado a partir de uma <b>panela</b> vazia usando um <b>martelo</b>, embora precise de água para funcionar.","使用<b>钳子</b>将<b>空罐头</b>制作成<b>土豆削皮器</b>，以加快土豆去皮速度。更快的<b>滚筒削皮器</b>可以用<b>锤子</b>由空<b>锅</b>制作，但需要水才能运作。",
"STR_CookZ_HydrateMushroomInstructions","Use <b>water</b> on a <b>dried mushroom</b> to rehydrate it.","Use <b>water</b> on a <b>dried mushroom</b> to rehydrate it.","Použij <b>vodu</b> na <b>sušenou houbu</b>, aby se znovu hydratovala.","Verwende <b>Wasser</b> auf einem <b>getrockneten Pilz</b>, um ihn zu rehydrieren.","Используйте <b>воду</b> на <b>сушёном грибе</b>, чтобы восстановить его влагу.","Użyj <b>wody</b> na <b>suszonym grzybie</b>, aby go nawodnić.","Usa dell'<b>acqua</b> su un <b>fungo essiccato</b> per reidratarlo.","Usa <b>agua</b> en un <b>hongo seco</b> para rehidratarlo.","Utilisez de l'<b>eau</b> sur un <b>champignon séché</b> pour le réhydrater.","對<b>乾燥蘑菇</b>使用<b>水</b>來重新補水。","<b>乾燥キノコ</b>に<b>水</b>を使って再び水分を戻します。","Use <b>água</b> em um <b>cogumelo seco</b> para reidratá-lo.","对<b>干蘑菇</b>使用<b>水</b>来重新补水。",
"STR_CookZ_Ingredient_AnyMeat","Any Meat","Any Meat","Libovolné maso","Beliebiges Fleisch","Любое мясо","Dowolne mięso","Qualsiasi carne","Cualquier carne","N'importe quelle viande","任何肉类","どんな肉でも","Qualquer carne","任何肉类",
"STR_CookZ_Ingredient_AnyFish","Any Fish","Any Fish","Libovolná ryba","Beliebiger Fisch","Любая рыба","Dowolna ryba","Qualsiasi pesce","Cualquier pescado","N'importe quel poisson","任何鱼类","どんな魚でも","Qualquer peixe","任何鱼类",
"STR_CookZ_Ingredient_AnyFishFillet","Any Fish Fillet","Any Fish Fillet","Libovolný filet z ryby","Beliebiges Fischfilet","Любое рыбно филе","Dowolny filet rybny","Qualsiasi filetto di pesce","Cualquier filete de pescado","N'importe quel filet de poisson","任何鱼柳","どんな魚の切り身でも","Qualquer filé de peixe","任何鱼柳",
"STR_CookZ_Ingredient_AnyMushroom","Any Mushroom","Any Mushroom","Libovolná houba","Beliebiger Pilz","Любой гриб","Dowolny grzyb","Qualsiasi fungo","Cualquier hongo","N'importe quel champignon","任何蘑菇","どんなキノコでも","Qualquer cogumelo","任何蘑菇",
"STR_CookZ_Ingredient_AnyFruit","Any Fruit","Any Fruit","Libovolné ovoce","Beliebiges Obst","Любой фрукт","Dowolny owoc","Qualsiasi frutta","Cualquier fruta","N'importe quel fruit","任何水果","どんな果物でも","Qualquer fruta","任何水果",
"STR_CookZ_Ingredient_AnySausage","Any Sausage","Any Sausage","Libovolná klobása","Beliebige Wurst","Любая колбаса","Dowolna kiełbasa","Qualsiasi salsiccia","Cualquier salchicha","N'importe quelle saucisse","任何香肠","どんなソーセージでも","Qualquer linguiça","任何香肠",
"STR_CookZ_Ingredient_AnyBreadcrumb","Crackers or Salty Sticks","Crackers or Salty Sticks","Sušenky nebo slané tyčinky","Cracker oder Salzstangen","Печенье или соленая соломка","Ciastka lub słone paluszki","Cracker o bastoncini salati","Galletas o palitos salados","Crackers ou bâtonnets salés","饼干或咸味小棒","クラッカーまたは塩味のスティック","Biscoitos ou palitos salgados","饼干或咸味小棒",
"STR_CookZ_Ingredient_AnyDisinfect","Rags or Bandages","Rags or Bandages","Hadry nebo obvazy","Stofffetzen oder Verband","Тряпки или повязки","Szmatki lub bandaże","Stracci o bende","Trapos o vendas","Bandage ou charpie","抹布或绷带","布切れや包帯","Panos ou bandagens","抹布或绷带",
"STR_CookZ_Ingredient_AnyBlood","Blood Bag","Blood Bag","Vak s krví","Blutbeutel","Пакет крови","Worek krwi","Sacca di sangue","Bolsa de sangre","Poche de sang","血袋","血液バッグ","Bolsa de sangue","输血袋",
"STR_CookZ_Ingredient_AnyFoodCan100g","Food Can 100g","Food Can 100g","Konzerva jídla 100 g","Konservendose 100 g","Банка еды 100 г","Puszka jedzenia 100 g","Lattina di cibo 100 g","Lata de comida 100 g","Boîte de conserve 100 g","100克食品罐头","食品缶 100g","Lata de comida 100 g","100克食品罐头",
"STR_CookZ_Ingredient_AnyFoodCan250g","Food Can 250g","Food Can 250g","Konzerva jídla 250 g","Konservendose 250 g","Банка еды 250 г","Puszka jedzenia 250 g","Lattina di cibo 250 g","Lata de comida 250 g","Boîte de conserve 250 g","250克食品罐头","食品缶 250g","Lata de comida 250 g","250克食品罐头",
"STR_CookZ_Ingredient_AnyCuteCereal","Small Cereal Box","Small Cereal Box","Malá krabice cereálií","Kleine Schachtel Frühstücksflocken","Маленькая коробка хлопьев","Małe pudełko płatków śniadaniowych","Piccola scatola di cereali","Caja pequeña de cereales","Petite boîte de céréales","小盒早餐穀片","小さなシリアル箱","Caixa pequena de cereais","小盒麦片",
"STR_CookZ_UseA","Use a","Use a","Použij","Benutze","Используйте","Użyj","Usa un","Usa un","Utilisez","使用一个","使用する","Use um","使用一个",
"STR_CookZ_WithWater","with at least 500 ml of water","with at least 500 ml of water","s alespoň 500 ml vody","mit mindestens 500 ml Wasser","с минимум 500 мл воды","z co najmniej 500 ml wody","con almeno 500 ml di acqua","con al menos 500 ml de agua","avec au moins 500 ml d'eau","至少500毫升水","少なくとも500mlの水を使って","com pelo menos 500 ml de água","至少500毫升水",
"STR_CookZ_UseEmptyCan","Fill into an empty can.","Fill into an empty can.","Napusť do prázdné plechovky.","In eine leere Dose füllen.","Наполните в пустую банку.","Napełnij do pustej puszki.","Riempi in una lattina vuota.","Llena en una lata vacía.","Versez dans une boîte vide en métal.","倒入空罐中。","空の缶に入れる。","Encha em uma lata vazia.","倒入空罐中。",
"STR_CookZ_UseEmptyBox","Fill into an empty box.","Fill into an empty box.","Napusť do prázdné krabice.","In eine leere Schachtel füllen.","Наполните в пустую коробку.","Napełnij do pustego pudełka.","Riempi in una scatola vuota.","Llena en una caja vacía.","Versez dans une boîte vide en carton.","倒入空盒子中。","空の箱に入れる。","Encha em uma caixa vazia.","倒入空盒子中。",
"STR_CookZ_AtLeastOne","at least one","at least one","alespoň jeden","mindestens ein","по крайней мере один","co najmniej jeden","almeno uno","al menos uno","au moins un","至少一个","少なくとも1つ","pelo menos um","至少一个",
"STR_CookZ_Or","or","or","nebo","oder","или","lub","o","o","ou","或","または","ou","或",
"STR_CookZ_Open","open","open","otevřeno","offen","открыто","otwarte","aperto","abierto","ouvert","打开","開いている","aberto","打开",
"STR_CookZ_Cookbook","Cookbook","Cookbook","Kuchařka","Kochbuch","Кулинарная книга","Książka kucharska","Ricettario","Libro de cocina","Livre de cuisine","食谱","クックブック","Livro de receitas","食谱",
"STR_CookZ_CuteCereal_UwU_DN","UwU Corn Flakes","UwU Corn Flakes","UwU kukuřičné lupínky","UwU Cornflakes","UwU кукурузные хлопья","UwU płatki kukurydziane","UwU corn flakes","UwU copos de maíz","UwU corn flakes","UwU 玉米片","UwU コーンフレーク","UwU flocos de milho","UwU 玉米片",
"STR_CookZ_CuteCereal_UwU_DS","A small box of plum-flavored corn flakes. Subtly sweet, faintly questionable, unmistakably uwu.","A small box of plum-flavored corn flakes. Subtly sweet, faintly questionable, unmistakably uwu.","Malá krabička kukuřičných lupínků s příchutí švestky. Jemně sladké, lehce pochybné, jednoznačně uwu.","Eine kleine Packung Cornflakes mit Pflaumengeschmack. Dezent süß, leicht fragwürdig, eindeutig uwu.","Небольшая коробка кукурузных хлопьев со вкусом сливы. Ненавязчиво сладкие, слегка сомнительные, однозначно uwu.","Małe pudełko płatków kukurydzianych o smaku śliwki. Delikatnie słodkie, lekko podejrzane, zdecydowanie uwu.","Una piccola scatola di corn flakes al gusto di prugna. Delicatamente dolci, leggermente discutibili, decisamente uwu.","Una pequeña caja de copos de maíz con sabor a ciruela. Sutilmente dulces, ligeramente cuestionables, inconfundiblemente uwu.","Une petite boîte de corn flakes au goût de prune. Subtilement sucrés, légèrement douteux, indéniablement uwu.","一小盒李子味玉米片。微甜，略显可疑，但毫无疑问很 uwu。","プラム風味のコーンフレークの小箱。ほのかに甘く、やや怪しく、それでも確実に uwu。","Uma pequena caixa de flocos de milho com sabor a ameixa. Sutilmente doces, ligeiramente questionáveis, inconfundivelmente uwu.","一小盒李子味玉米片。微甜，略显可疑，但毫无疑问很 uwu。",
"STR_CookZ_CuteCereal_Hellfire_DN","Hellfire Corn Flakes","Hellfire Corn Flakes","Hellfire kukuřičné lupínky","Hellfire Cornflakes","Hellfire кукурузные хлопья","Hellfire płatki kukurydziane","Hellfire corn flakes","Hellfire copos de maíz","Hellfire corn flakes","Hellfire 玉米片","Hellfire コーンフレーク","Hellfire flocos de milho","Hellfire 玉米片",
"STR_CookZ_CuteCereal_Hellfire_DS","A small box of pear-flavored corn flakes. Mildly sweet with a harsh finish - pairs well with a shotgun and questionable decisions.","A small box of pear-flavored corn flakes. Mildly sweet with a harsh finish - pairs well with a shotgun and questionable decisions.","Malá krabička kukuřičných lupínků s příchutí hrušky. Mírně sladké s drsným dozvukem - hodí se ke brokovnici a pochybným rozhodnutím.","Eine kleine Packung Cornflakes mit Birnengeschmack. Mäßig süß mit hartem Abgang - passt gut zu einer Schrotflinte und fragwürdigen Entscheidungen.","Небольшая коробка кукурузных хлопьев со вкусом груши. Умеренно сладкие с жёстким послевкусием - хорошо сочетаются с дробовиком и сомнительными решениями.","Małe pudełko płatków kukurydzianych o smaku gruszki. Lekko słodkie z ostrym finiszem - dobrze pasują do strzelby i wątpliwych decyzji.","Una piccola scatola di corn flakes al gusto di pera. Leggermente dolci con un finale deciso - si abbinano bene a un fucile a pompa e a scelte discutibili.","Una pequeña caja de copos de maíz con sabor a pera. Ligeramente dulces con un final duro - combinan bien con una escopeta y decisiones cuestionables.","Une petite boîte de corn flakes au goût de poire. Légèrement sucrés avec une fin brutale - s’accordent bien avec un fusil à pompe et des décisions douteuses.","一小盒梨味玉米片。略带甜味但收尾强烈 - 适合搭配霰弹枪和 questionable 的决定。","洋梨風味のコーンフレークの小箱。やや甘く荒い後味 - ショットガンと微妙な判断に合う。","Uma pequena caixa de flocos de milho com sabor a pera. Levemente doces com um final forte - combinam bem com uma espingarda e decisões questionáveis.","一小盒梨味玉米片。略带甜味但收尾强烈 - 适合搭配霰弹枪和 questionable 的决定。",
"STR_CookZ_CuteCereal_GreenMountain_DN","Green Mountain No.1","Green Mountain No.1","Green Mountain No.1","Green Mountain No.1","Green Mountain No.1","Green Mountain No.1","Green Mountain No.1","Green Mountain No.1","Green Mountain No.1","Green Mountain No.1","Green Mountain No.1","Green Mountain No.1","Green Mountain No.1",
"STR_CookZ_CuteCereal_GreenMountain_DS","A small box of apple-flavored corn flakes. Straight from Green Mountain - Chernarus' No.1 cereal, familiar, reliable, and hard to replace.","A small box of apple-flavored corn flakes. Straight from Green Mountain - Chernarus' No.1 cereal, familiar, reliable, and hard to replace.","Malá krabička kukuřičných lupínků s příchutí jablka. Přímo z Green Mountain - cereálie č.1 v Chernarusu, známé, spolehlivé a těžko nahraditelné.","Eine kleine Packung Cornflakes mit Apfelgeschmack. Direkt vom Green Mountain - Chernarus' Nr.1 unter den Cerealien, vertraut, verlässlich und schwer zu ersetzen.","Небольшая коробка кукурузных хлопьев со вкусом яблока. Прямо с Green Mountain - хлопья №1 в Чернаруси, привычные, надёжные и трудно заменимые.","Małe pudełko płatków kukurydzianych o smaku jabłka. Prosto z Green Mountain - płatki nr 1 w Chernarusie, znane, niezawodne i trudne do zastąpienia.","Una piccola scatola di corn flakes al gusto di mela. Direttamente da Green Mountain - i cereali n.1 di Chernarus, familiari, affidabili e difficili da sostituire.","Una pequeña caja de copos de maíz con sabor a manzana. Directamente de Green Mountain - el cereal n.º 1 de Chernarus, familiar, fiable y difícil de reemplazar.","Une petite boîte de corn flakes au goût de pomme. Directement de Green Mountain - les céréales n°1 de Chernarus, familières, fiables et difficiles à remplacer.","一小盒苹果味玉米片。来自Green Mountain - 切尔纳鲁斯排名第一的麦片，熟悉、可靠且难以替代。","リンゴ風味のコーンフレークの小箱。Green Mountain直送 - チェルナルスでNo.1のシリアル、馴染み深く信頼できて代えがたい。","Uma pequena caixa de flocos de milho com sabor a maçã. Diretamente de Green Mountain - o cereal nº1 de Chernarus, familiar, confiável e difícil de substituir.","一小盒苹果味玉米片。来自Green Mountain - 切尔纳鲁斯排名第一的麦片，熟悉、可靠且难以替代。",
"STR_CookZ_Hydrate_Mushroom","Hydrate Mushroom","Hydrate Mushroom","Rehydratovat houbu","Pilz rehydrieren","Регидратировать гриб","Nawodnić suszonego grzyba","Reidratare il fungo","Rehidratar hongo","Réhydrater le champignon","泡发蘑菇","干しキノコを戻す","Reidratar cogumelo","泡发蘑菇",
